10yard	mame	10-Yard Fight (World, set 1)
10yard85	mame	10-Yard Fight '85 (US, Taito license)
10yardj	mame	10-Yard Fight (Japan)
1941	cps1	1941 - Counter Attack (900227 World)
1941j	cps1	1941 - Counter Attack (Japan)
1941r1	cps1	1941 - Counter Attack (World)
1941u	cps1	1941 - Counter Attack (900227 USA)
1942	mame	1942 (Revision B)
1942a	mame	1942 (Revision A)
1942abl	mame	1942 (Revision A, bootleg)
1942b	mame	1942 (First Version)
1942c64	mame	1942 (C64 Music)
1942h	mame	Supercharger 1942
1942w	mame	1942 (Williams Electronics license)
1943	mame	1943: The Battle of Midway (Euro)
1943b	mame	1943: The Battle of Midway (bootleg set 1, hack of Jap
1943b2	mame	1943: The Battle of Midway (bootleg set 2, hack of Jap
1943bj	mame	1943: Midway Kaisen (bootleg)
1943j	mame	1943: Midway Kaisen (Japan, Rev B)
1943ja	mame	1943: Midway Kaisen (Japan)
1943jah	mame	1943: Midway Kaisen (Japan, no protection hack)
1943kai	mame	1943 Kai: Midway Kaisen (Japan)
1943mii	mame	1943: The Battle of Midway Mark II (US)
1943u	mame	1943: The Battle of Midway (US, Rev C)
1943ua	mame	1943: The Battle of Midway (US)
1944	cps2	1944 - the loop master (000620 USA)
1944ad	cps2	1944 - the loop master (000620 USA Phoenix Edition, al
1944d	cps2	1944 - the loop master (000620 USA Phoenix Edition)
1944j	cps2	1944 - the loop master (000620 Japan)
1945kiii	mame	1945k III (newer, OPCX2 PCB)
1945kiiin	mame	1945k III (newer, OPCX1 PCB)
1945kiiio	mame	1945k III (older, OPCX1 PCB)
19xx	cps2	19XX - the war against destiny (951207 USA)
19xxa	cps2	19XX - the war against destiny (960104 Asia)
19xxar1	cps2	19XX - the war against destiny (951207 Asia)
19xxb	cps2	19XX - the war against destiny (951218 Brazil)
19xxd	cps2	19XX - the war against destiny (951207 USA Phoenix Edi
19xxh	cps2	19XX - the war against destiny (951218 Hispanic)
19xxj	cps2	19XX - the war against destiny (960104 Japan, yellow c
19xxjr1	cps2	19XX - the war against destiny (951225 Japan)
19xxjr2	cps2	19XX - the war against destiny (951207 Japan)
2020bb	neogeo	2020 Super Baseball (set 1)
2020bba	neogeo	2020 Super Baseball (set 2)
2020bbh	neogeo	2020 Super Baseball (set 3)
20pacgal	mame	Ms. Pac-Man/Galaga - 20th Anniversary Class of 1981 Re
20pacgalr0	mame	Ms. Pac-Man/Galaga - 20th Anniversary Class of 1981 Re
20pacgalr1	mame	Ms. Pac-Man/Galaga - 20th Anniversary Class of 1981 Re
20pacgalr2	mame	Ms. Pac-Man/Galaga - 20th Anniversary Class of 1981 Re
20pacgalr3	mame	Ms. Pac-Man/Galaga - 20th Anniversary Class of 1981 Re
20pacgalr4	mame	Ms. Pac-Man/Galaga - 20th Anniversary Class of 1981 Re
25pacman	mame	Pac-Man - 25th Anniversary Edition (Rev 3.00)
25pacmano	mame	Pac-Man - 25th Anniversary Edition (Rev 2.00)
3countb	neogeo	3 Count Bout / Fire Suplex (NGM-043)(NGH-043)
3countba	neogeo	3 Count Bout / Fire Suplex (NGM-043)
3in1semi	mame	XESS - The New Revolution (SemiCom 3-in-1)
3kokushi	mame	Sankokushi (Japan)
3wonders	cps1	Three Wonders (wonder 3 910520 etc)
3wondersb	cps1	Three Wonders (bootleg set 2, wonder 3 910520 etc)
3wondersh	cps1	Three Wonders (bootleg set 1, wonder 3 910520 etc)
3wondersha	cps1	Three Wonders (bootleg set 3, wonder 3 910520 etc)
3wondersr1	cps1	Three Wonders (wonder 3 910513 etc)
3wondersu	cps1	Three Wonders (wonder 3 910520 USA)
3x3puzzl	mame	3X3 Puzzle (Enterprise)
3x3puzzla	mame	3X3 Puzzle (Normal)
4dwarrio	mame	4-D Warriors (315-5162)
4enraya	mame	4 En Raya (set 1)
4enrayaa	mame	4 En Raya (set 2)
4in1	mame	4 Fun in 1
4in1boot	mame	Puzzle King
4play	neogeo	4 player input test
600	mame	600
64street	mame	64th. Street - A Detective Story (World)
64streetj	mame	64th. Street - A Detective Story (Japan, set 1)
64streetja	mame	64th. Street - A Detective Story (Japan, alt)
7ordi	mame	7 Ordi (Korea)
7toitsu	mame	Chi-Toitsu
800fath	mame	800 Fathoms
88games	mame	'88 Games
8ballact	mame	Eight Ball Action (DK conversion)
8bpm	mame	Eight Ball Action (Pac-Man conversion)
99lstwar	mame	'99: The Last War (set 1)
99lstwara	mame	'99: The Last War (set 2)
99lstwarb	mame	'99: The Last War (bootleg)
99lstwark	mame	'99: The Last War (Kyugo)
abcop	mame	A.B. Cop (World, FD1094 317-0169b)
abcopd	mame	A.B. Cop (World, FD1094 317-0169b decrypted)
abcopj	mame	A.B. Cop (Japan, FD1094 317-0169b)
abcopjd	mame	A.B. Cop (Japan, FD1094 317-0169b decrypted)
ablast	mame	A-Blast (Japan)
abscam	mame	Abscam
aburner	mame	After Burner
aburner2	mame	After Burner II
aburner2g	mame	After Burner II (German)
aceattac	mame	Ace Attacker (FD1094 317-0059)
aceattaca	mame	Ace Attacker (Japan, System 16A, FD1094 317-0060)
acitya	mame	Atlantic City Action
acrobatm	mame	Acrobat Mission
actfancr	mame	Act-Fancer Cybernetick Hyper Weapon (World revision 3)
actfancr1	mame	Act-Fancer Cybernetick Hyper Weapon (World revision 1)
actfancr2	mame	Act-Fancer Cybernetick Hyper Weapon (World revision 2)
actfancrj	mame	Act-Fancer Cybernetick Hyper Weapon (Japan revision 1)
ad2083	mame	A.D. 2083
aeroboto	mame	Aeroboto
aerofgt	mame	Aero Fighters
aerofgtb	mame	Aero Fighters (Turbo Force hardware set 1)
aerofgtc	mame	Aero Fighters (Turbo Force hardware set 2)
aerolitos	mame	Aerolitos (Spanish bootleg of Asteroids)
afighter	mame	Action Fighter, FD1089A 317-0018
afightera	mame	Action Fighter (unprotected)
afighterb	mame	Action Fighter (unprotected, analog controls)
afighterc	mame	Action Fighter (FD1089B 317-unknown)
afighterd	mame	Action Fighter (FD1089B 317-unknown, analog controls)
afightere	mame	Action Fighter (System 16B, unprotected, analog contro
afighterf	mame	Action Fighter (System 16B, FD1089B 317-unknown, analo
afighterg	mame	Action Fighter (System 16B, FD1089B 317-unknown)
afighterh	mame	Action Fighter (System 16B, FD1089A 317-0018)
agallet	mame	Air Gallet (Europe)
agalleta	mame	Air Gallet (older, Europe)
agalletah	mame	Air Gallet (older, Hong Kong)
agalletaj	mame	Akuu Gallet (older, Japan)
agalletak	mame	Air Gallet (older, Korea)
agalletat	mame	Air Gallet (older, Taiwan)
agalletau	mame	Air Gallet (older, USA)
agalleth	mame	Air Gallet (Hong Kong)
agalletj	mame	Akuu Gallet (Japan)
agalletk	mame	Air Gallet (Korea)
agallett	mame	Air Gallet (Taiwan)
agalletu	mame	Air Gallet (USA)
agentx1	mame	Agent X (prototype, rev 1)
agentx2	mame	Agent X (prototype, rev 2)
agentx3	mame	Agent X (prototype, rev 3)
agentx4	mame	Agent X (prototype, rev 4)
agress	mame	Agress
agressb	mame	Agress (English bootleg)
airass	mame	Air Assault (World)
airattck	mame	Air Attack (set 1)
airattcka	mame	Air Attack (set 2)
airbustr	mame	Air Buster: Trouble Specialty Raid Unit (World)
airbustrb	mame	Air Buster: Trouble Specialty Raid Unit (bootleg)
airbustrj	mame	Air Buster: Trouble Specialty Raid Unit (Japan)
airduel	mame	Air Duel (World, M82-A-A + M82-B-A)
airduelm72	mame	Air Duel (Japan, M72)
airwolf	mame	Airwolf
airwolfa	mame	Airwolf (US)
ajax	mame	Ajax
ajaxj	mame	Ajax (Japan)
akkanvdr	mame	Akkanbeder (Ver 2.5J 1995/06/14)
akumajou	mame	Akuma-Jou Dracula (Japan ver. P)
akumajoun	mame	Akuma-Jou Dracula (Japan ver. N)
alcon	mame	Alcon (US)
alexkidd	mame	Alex Kidd: The Lost Stars (set 2, unprotected)
alexkidd1	mame	Alex Kidd: The Lost Stars (set 1, FD1089A 317-unknown)
alibaba	mame	Ali Baba and 40 Thieves
alibabab	mame	Mustafa and 40 Thieves (bootleg)
alienar	mame	Alien Arena
alienaru	mame	Alien Arena (Stargate upgrade)
aliencha	mame	Alien Challenge (World)
alienchac	mame	Alien Challenge (China)
aliens	mame	Aliens (World set 1)
aliens2	mame	Aliens (World set 2)
aliens3	mame	Aliens (World set 3)
aliensa	mame	Aliens (Asia)
aliensec	mame	Alien Sector
aliensj	mame	Aliens (Japan set 1)
aliensj2	mame	Aliens (Japan set 2)
aliensu	mame	Aliens (US)
aliensyn	mame	Alien Syndrome (set 4, System 16B, unprotected)
aliensyn2	mame	Alien Syndrome (set 2, System 16A, FD1089A 317-0033)
aliensyn3	mame	Alien Syndrome (set 3, System 16B, FD1089A 317-0033)
aliensyn5	mame	Alien Syndrome (set 5, System 16A, FD1089B 317-0037)
aliensyn7	mame	Alien Syndrome (set 7, System 16B, MC-8123B 317-00xx)
aliensynj	mame	Alien Syndrome (set 6, Japan, new, System 16B, FD1089A
aliensynjo	mame	Alien Syndrome (set 1, Japan, old, System 16A, FD1089A
aligator	mame	Alligator Hunt (World, protected)
aligators	mame	Alligator Hunt (Spain, protected)
aligatorun	mame	Alligator Hunt (unprotected, set 1)
aligatoruna	mame	Alligator Hunt (unprotected, set 2)
alinvade	mame	Alien Invaders
alphaho	mame	Alpha Fighter / Head On
alpham2	neogeo	Alpha Mission II / ASO II - Last Guardian (NGM-007)(NG
alpham2p	neogeo	Alpha Mission II / ASO II - Last Guardian (prototype)
alphamis	mame	Alpha Mission
alphaone	mame	Alpha One (prototype, 3 lives)
alphaonea	mame	Alpha One (prototype, 5 lives)
alphaxz	mame	The Alphax Z (Japan)
alpine	mame	Alpine Ski (set 1)
alpinea	mame	Alpine Ski (set 2)
altbeast	mame	Altered Beast (set 8, 8751 317-0078)
altbeast2	mame	Altered Beast (set 2, MC-8123B 317-0066)
altbeast4	mame	Altered Beast (set 4, MC-8123B 317-0066)
altbeast5	mame	Altered Beast (set 5, FD1094 317-0069)
altbeast5d	mame	Altered Beast (set 5, FD1094 317-0069 decrypted)
altbeast6	mame	Altered Beast (set 6, 8751 317-0076)
altbeastbl	mame	Altered Beast (Datsu bootleg)
altbeastj	mame	Juuouki (set 7, Japan, 8751 317-0077)
altbeastj1	mame	Juuouki (set 1, Japan, FD1094 317-0065)
altbeastj3	mame	Juuouki (set 3, Japan, FD1094 317-0068)
altbeastj3d	mame	Juuouki (set 3, Japan, FD1094 317-0068 decrypted)
amatelas	mame	Sei Senshi Amatelass
amazon	mame	Soldier Girl Amazon
ambush	mame	Ambush
ambushh	mame	Ambush (hack?)
ambushj	mame	Ambush (Japan)
ambushv	mame	Ambush (Volt Elec co-ltd)
amidar	mame	Amidar
amidar1	mame	Amidar (older)
amidarb	mame	Amidar (bootleg)
amidaro	mame	Amidar (Olympia)
amidars	mame	Amidar (Scramble hardware)
amidaru	mame	Amidar (Stern)
amigo	mame	Amigo
amspdwy	mame	American Speedway (set 1)
amspdwya	mame	American Speedway (set 2)
androdun	neogeo	Andro Dunos (NGM-049)(NGH-049)
androidp	mame	Android (prototype, later build)
androidpo	mame	Android (prototype, early build)
angelkds	mame	Angel Kids (Japan)
anteater	mame	Anteater
anteaterg	mame	Ameisenbaer (German)
anteateruk	mame	The Anteater (UK)
aodk	neogeo	Aggressors of Dark Kombat / Tsuukai GANGAN Koushinkyok
aof	neogeo	Art of Fighting / Ryuuko no Ken (NGM-044)(NGH-044)
aof2	neogeo	Art of Fighting 2 / Ryuuko no Ken 2 (NGM-056)
aof2a	neogeo	Art of Fighting 2 / Ryuuko no Ken 2 (NGH-056)
aof3	neogeo	Art of Fighting 3 - The Path of the Warrior / Art of F
aof3k	neogeo	Art of Fighting 3 - The Path of the Warrior (Korean re
aponow	mame	Apocaljpse Now
appoooh	mame	Appoooh
aquajack	mame	Aquajack (World)
aquajackj	mame	Aquajack (Japan)
aquajacku	mame	Aquajack (US)
aquarium	mame	Aquarium (US)
aquariumj	mame	Aquarium (Japan)
arabian	mame	Arabian
arabiana	mame	Arabian (Atari)
arabianm	mame	Arabian Magic (Ver 1.0O 1992/07/06)
arabianmj	mame	Arabian Magic (Ver 1.0J 1992/07/06)
arabianmu	mame	Arabian Magic (Ver 1.0A 1992/07/06)
aracnis	mame	Aracnis (bootleg of Scorpion on Moon Cresta hardware)
arbalest	mame	Arbalester
arcadecl	mame	Arcade Classics (prototype)
arcadian	mame	Arcadia (NMK)
area88	cps1	Area 88 (Japan)
area88r	cps1	Area 88 (Japan Resale ver.)
argus	mame	Argus
arian	mame	Arian Mission
ark1ball	mame	Arkanoid (bootleg with MCU, harder)
ark1balla	mame	Arkanoid (bootleg with MCU, harder, alt)
arkangc	mame	Arkanoid (Game Corporation bootleg, set 1)
arkangc2	mame	Arkanoid (Game Corporation bootleg, set 2)
arkanoid	mame	Arkanoid (World, oldest rev)
arkanoidj	mame	Arkanoid (Japan)
arkanoidja	mame	Arkanoid (Japan, older rev)
arkanoidjb	mame	Arkanoid (Japan, oldest rev)
arkanoidjbl	mame	Arkanoid (bootleg with MCU set 1)
arkanoidjbl2	mame	Arkanoid (bootleg with MCU set 2)
arkanoidjbla	mame	Arkanoid (bootleg with MCU, alt)
arkanoidu	mame	Arkanoid (US)
arkanoiduo	mame	Arkanoid (US, oldest rev)
arkarea	mame	Ark Area
arkatayt	mame	Arkanoid (Tayto bootleg)
arkatour	mame	Tournament Arkanoid (US)
arkbloc2	mame	Block (Game Corporation bootleg, set 2)
arkblock	mame	Block (Game Corporation bootleg, set 1)
arkgcbl	mame	Arkanoid (bootleg on Block hardware)
arknoid2	mame	Arkanoid - Revenge of DOH (World)
arknoid2b	mame	Arkanoid - Revenge of DOH (Japan bootleg)
arknoid2j	mame	Arkanoid - Revenge of DOH (Japan)
arknoid2u	mame	Arkanoid - Revenge of DOH (US)
arkretrn	mame	Arkanoid Returns (Ver 2.02O 1997/02/10)
arkretrnj	mame	Arkanoid Returns (Ver 2.02J 1997/02/10)
arkretrnu	mame	Arkanoid Returns (Ver 2.02A 1997/02/10)
arktayt2	mame	Arkanoid (Tayto bootleg, harder)
armedf	mame	Armed Formation
armedff	mame	Armed Formation (Fillmore license)
armorcar	mame	Armored Car (set 1)
armorcar2	mame	Armored Car (set 2)
armwar	cps2	Armored Warriors (941024 Europe)
armwar1d	cps2	Armored Warriors (941011 Europe Phoenix Edition)
armwara	cps2	Armored Warriors (941024 Asia)
armwarar1	cps2	Armored Warriors (940920 Asia)
armwarr1	cps2	Armored Warriors (941011 Europe)
armwaru	cps2	Armored Warriors (941024 USA)
armwaru1	cps2	Armored Warriors (940920 USA)
armwrest	mame	Arm Wrestling
ashnojoe	mame	Ashita no Joe (Japan)
ashura	mame	Ashura Blaster (World)
ashuraj	mame	Ashura Blaster (Japan)
ashurau	mame	Ashura Blaster (US)
asideral	mame	Ataque Sideral (Spanish bootleg of UniWar S)
aso	mame	ASO - Armored Scrum Object
assault	mame	Assault (Rev B)
assaultj	mame	Assault (Japan)
assaultp	mame	Assault Plus (Japan)
astdelux	mame	Asteroids Deluxe (rev 3)
astdelux1	mame	Asteroids Deluxe (rev 1)
astdelux2	mame	Asteroids Deluxe (rev 2)
asterix	mame	Asterix (ver EAD)
asterixaad	mame	Asterix (ver AAD)
asterixeaa	mame	Asterix (ver EAA)
asterixeac	mame	Asterix (ver EAC)
asterixj	mame	Asterix (ver JAD)
asterock	mame	Asterock (Sidam bootleg of Asteroids)
asterockv	mame	Asterock (Videotron bootleg of Asteroids)
asteroid	mame	Asteroids (rev 4)
asteroid1	mame	Asteroids (rev 1)
asteroid2	mame	Asteroids (rev 2)
asteroidb	mame	Asteroids (bootleg on Lunar Lander hardware)
astorm	mame	Alien Storm (set 4, World, 2 Players, FD1094 317-0154)
astorm3	mame	Alien Storm (set 3, World, 3 Players, FD1094 317-0148)
astorm3d	mame	Alien Storm (set 3, World, 3 Players, FD1094 317-0148
astormj	mame	Alien Storm (set 1, Japan Rev B, 2 Players, FD1094 317
astormjd	mame	Alien Storm (set 1, Japan Rev B, 2 Players, FD1094 317
astormu	mame	Alien Storm (set 2, US, 3 Players, FD1094 317-0147)
astormud	mame	Alien Storm (set 2, US, 3 Players, FD1094 317-0147 dec
astrians	mame	Astrians (clone of Swarm)
astrofl	mame	Astro Flash (Japan)
astyanax	mame	The Astyanax
asuka	mame	Asuka & Asuka (World)
asukaj	mame	Asuka & Asuka (Japan)
asurabld	mame	Asura Blade - Sword of Dynasty (Japan)
asurabus	mame	Asura Buster - Eternal Warriors (Japan)
asurabusa	mame	Asura Buster - Eternal Warriors (Japan) (ARCADIA revie
atehate	mame	Athena no Hatena ?
atetris	mame	Tetris (set 1)
atetrisa	mame	Tetris (set 2)
atetrisb	mame	Tetris (bootleg set 1)
atetrisb2	mame	Tetris (bootleg set 2)
atetrisc	mame	Tetris (cocktail set 1)
atetrisc2	mame	Tetris (cocktail set 2)
athena	mame	Athena
athenab	mame	Athena (bootleg)
atlantis	mame	Battle of Atlantis (set 1)
atlantis2	mame	Battle of Atlantis (set 2)
atlantisb	mame	Battle of Atlantis (bootleg)
atlantol	mame	Atlant Olimpic
atomboy	mame	Atomic Boy (revision B)
atomboya	mame	Atomic Boy (revision A)
atomicp	mame	Atomic Point (Korea)
atompunk	mame	Atomic Punk (US)
attackf	mame	Attack (Defender bootleg)
aurail	mame	Aurail (set 3, US, unprotected)
aurail1	mame	Aurail (set 2, World, FD1089B 317-0168)
aurail1d	mame	Aurail (set 2, World, FD1089B 317-0168 decrypted)
aurailj	mame	Aurail (set 1, Japan, FD1089A 317-0167)
aurailjd	mame	Aurail (set 1, Japan, FD1089A 317-0167 decrypted)
avefenix	mame	Ave Fenix (Electrogame, Spanish bootleg of Phoenix)
avefenixl	mame	Ave Fenix (Laguna, Spanish bootleg of Phoenix)
avefenixrf	mame	Ave Fenix (Recreativos Franco, Spanish bootleg of Phoe
avengers	mame	Avengers (US set 1)
avengers2	mame	Avengers (US set 2)
avengrgs	mame	Avengers In Galactic Storm (US)
avengrgsj	mame	Avengers In Galactic Storm (Japan)
avsp	cps2	Alien vs Predator (940520 Euro)
avspa	cps2	Alien vs Predator (940520 Asia)
avspd	cps2	Alien vs Predator (940520 Euro Phoenix Edition)
avsph	cps2	Alien vs Predator (940520 Hispanic)
avspirit	mame	Avenging Spirit
avspj	cps2	Alien vs Predator (940520 Japan)
avspu	cps2	Alien vs Predator (940520 USA)
aztarac	mame	Aztarac
azurian	mame	Azurian Attack
b2b	neogeo	Bang Bang Busters (2010 NCI release)
backfire	mame	Backfire! (set 1)
backfirea	mame	Backfire! (set 2)
backfirt	mame	Back Fire (Tecmo, bootleg)
baddudes	mame	Bad Dudes vs. Dragonninja (US)
badlands	mame	Bad Lands
bagman	mame	Bagman
bagmanj	mame	Bagman (Taito)
bagmanm2	mame	Bagman (bootleg on Moon Cresta hardware set 2)
bagmanmc	mame	Bagman (bootleg on Moon Cresta hardware set 1)
bagmans	mame	Bagman (Stern Electronics, set 1)
bagmans2	mame	Bagman (Stern Electronics, set 2)
bagnard	mame	Le Bagnard (set 1)
bagnarda	mame	Le Bagnard (set 2)
bagnardi	mame	Le Bagnard (Itisa, Spain)
bakatono	neogeo	Bakatonosama Mahjong Manyuuki (MOM-002)(MOH-002)
bakubrkr	mame	Bakuretsu Breaker (Japan)
bakutotu	mame	Bakutotsu Kijuutei
balcube	mame	Bal Cube
ballboy	mame	Ball Boy
ballbros	mame	Balloon Brothers
baluba	mame	Baluba-louk no Densetsu (Japan)
banbam	mame	BanBam
bang	mame	Bang!
bangball	mame	Bang Bang Ball (v1.05)
bangbead	neogeo	Bang Bead
bangbedp	neogeo	Bang Bead (Prototype?)
bangj	mame	Gun Gabacho (Japan)
bankp	mame	Bank Panic
baraduke	mame	Baraduke
baryon	mame	Baryon - Future Assault (set 1)
baryona	mame	Baryon - Future Assault (set 2)
batcir	cps2	Battle Circuit (970319 Euro)
batcira	cps2	Battle Circuit (970319 Asia)
batcird	cps2	Battle Circuit (970319 Euro Phoenix Edition)
batcirj	cps2	Battle Circuit (970319 Japan)
batlbubl	mame	Battle Bubble (v2.00)
batlzone	mame	Battle Zone (bootleg of Mayday)
batman	mame	Batman
batman2	mame	Batman Part 2
batrider	mame	Armed Police Batrider (Europe) (Fri Feb 13 1998)
batriderc	mame	Armed Police Batrider (China) (Fri Feb 13 1998)
batriderhk	mame	Armed Police Batrider - A Version (Hong Kong) (Mon Dec
batriderj	mame	Armed Police Batrider - B Version (Japan) (Fri Feb 13
batriderja	mame	Armed Police Batrider - A Version (Japan) (Mon Dec 22
batriderk	mame	Armed Police Batrider (Korea) (Fri Feb 13 1998)
batridert	mame	Armed Police Batrider - A Version (Taiwan) (Mon Dec 22
batrideru	mame	Armed Police Batrider (U.S.A.) (Fri Feb 13 1998)
batsugun	mame	Batsugun (set 1)
batsuguna	mame	Batsugun (set 2)
batsugunb	mame	Batsugun (Korean PCB)
batsugunsp	mame	Batsugun (Special Ver.)
battlane	mame	Battle Lane! Vol. 5 (set 1)
battlane2	mame	Battle Lane! Vol. 5 (set 2)
battlane3	mame	Battle Lane! Vol. 5 (set 3)
battlex	mame	Battle Cross
battlnts	mame	Battlantis (program code G)
battlntsa	mame	Battlantis (program code F)
battlntsj	mame	Battlantis (Japan, program code E)
battroad	mame	The Battle-Road
bayroute	mame	Bay Route (set 3, World, FD1094 317-0116)
bayroute1	mame	Bay Route (set 1, US, unprotected)
bayrouted	mame	Bay Route (set 3, World, FD1094 317-0116 decrypted)
bayroutej	mame	Bay Route (set 2, Japan, FD1094 317-0115)
bayroutejd	mame	Bay Route (set 2, Japan, FD1094 317-0115 decrypted)
bbakraid	mame	Battle Bakraid - Unlimited Version (U.S.A.) (Tue Jun 8
bbakraidc	mame	Battle Bakraid - Unlimited Version (China) (Tue Jun 8
bbakraidj	mame	Battle Bakraid - Unlimited Version (Japan) (Tue Jun 8
bbakraidja	mame	Battle Bakraid (Japan) (Wed Apr 7 1999)
bballs	mame	Bouncing Balls
bballsa	mame	Bouncing Balls (Adult)
bbmanw	mame	Bomber Man World / New Dyna Blaster - Global Quest
bbmanwj	mame	Bomber Man World (Japan)
bbmanwja	mame	Bomber Man World (Japan, revised sound hardware)
bbredux	mame	Bobble Bobble ('bootleg redux' hack for Bobble Bobble
bbros	mame	Buster Bros. (USA)
bbusters	mame	Beast Busters (World)
bbustersj	mame	Beast Busters (Japan, Version 2, 3 Players)
bbustersja	mame	Beast Busters (Japan, Version 2, 2 Players)
bbustersu	mame	Beast Busters (US, Version 3)
bbustersua	mame	Beast Busters (US, Version 2)
bchopper	mame	Battle Chopper
bcrusher	mame	Bone Crusher
bcruzm12	mame	Battle Cruiser M-12
bcstry	mame	B.C. Story (set 1)
bcstrya	mame	B.C. Story (set 2)
beaminv	mame	Beam Invader
beast	neogeo	Shadow of the Beast (Neo Geo demo)
beastfp	mame	Beastie Feastie
berabohm	mame	Beraboh Man (Japan, Rev C)
berabohmb	mame	Beraboh Man (Japan, Rev B)
berlwall	mame	The Berlin Wall
berlwallk	mame	The Berlin Wall (Korea)
berlwallt	mame	The Berlin Wall (bootleg ?)
bermudat	mame	Bermuda Triangle (World?)
bermudata	mame	Bermuda Triangle (World Wars) (US)
bermudatj	mame	Bermuda Triangle (Japan)
bestbest	mame	Best Of Best
bestleag	mame	Best League (bootleg of Big Striker, Italian Serie A)
bestleaw	mame	Best League (bootleg of Big Striker, World Cup)
bestri	mame	Bestri (Korea)
bgaregga	mame	Battle Garegga (Europe / USA / Japan / Asia) (Sat Feb
bgareggabl	mame	1945 Part 2 (Chinese hack of Battle Garegga)
bgareggabla	mame	Lei Shen Zhuan Thunder Deity Biography (Chinese hack o
bgareggacn	mame	Battle Garegga - Type 2 (Denmark / China) (Tue Apr 2 1
bgareggahk	mame	Battle Garegga (Austria / Hong Kong) (Sat Feb 3 1996)
bgaregganv	mame	Battle Garegga - New Version (Austria / Hong Kong) (Sa
bgareggat2	mame	Battle Garegga - Type 2 (Europe / USA / Japan / Asia)
bgareggatw	mame	Battle Garegga (Taiwan / Germany) (Thu Feb 1 1996)
bgareggaz	mame	Battle Garegga Zakk version (Europe / USA / Japan / As
bigbang	mame	Big Bang (9th Nov. 1993)
bigbucks	mame	Big Bucks
bigfghtr	mame	Tatakae! Big Fighter (Japan)
bigkarnk	mame	Big Karnak
bigprowr	mame	The Big Pro Wrestling!
bigstrik	mame	Big Striker
bigstrkb	mame	Big Striker (bootleg)
bigstrkba	mame	Big Striker (bootleg w/Italian teams)
bigtwin	mame	Big Twin
bikkuric	mame	Bikkuri Card (Japan)
billiard	mame	The Billiards
bioatack	mame	Bio Attack
biomtoy	mame	Biomechanical Toy (Ver. 1.0.1885)
biomtoya	mame	Biomechanical Toy (Ver. 1.0.1884)
biomtoyb	mame	Biomechanical Toy (Ver. 1.0.1878)
biomtoyc	mame	Biomechanical Toy (Ver. 1.0.1870)
bionicc	mame	Bionic Commando (Euro)
bionicc1	mame	Bionic Commando (US set 1)
bionicc2	mame	Bionic Commando (US set 2)
bioniccbl	mame	Bionic Commandos (bootleg, set 1)
bioniccbl2	mame	Bionic Commandos (bootleg, set 2)
bioplayc	mame	Bioplaything Cop (Ver. 1.0.1823, prototype)
bioship	mame	Bio-ship Paladin
birdiy	mame	Birdiy
birdtry	mame	Birdie Try (Japan)
bishi	mame	Bishi Bashi Championship Mini Game Senshuken (ver JAA,
bjourney	neogeo	Blue's Journey / Raguy (ALM-001)(ALH-001)
bjourneyh	neogeo	Blue's Journey / Raguy (ALH-001)
bjtwin	mame	Bombjack Twin (set 1)
bjtwina	mame	Bombjack Twin (set 2)
blackt96	mame	Black Touch '96
bladestl	mame	Blades of Steel (version T)
bladestle	mame	Blades of Steel (version E)
bladestll	mame	Blades of Steel (version L)
blandia	mame	Blandia
blandiap	mame	Blandia (prototype)
blaster	mame	Blaster
blasto	mame	Blasto
blastoff	mame	Blast Off (Japan)
blazeon	mame	Blaze On (World)
blazeonj	mame	Blaze On (Japan)
blazer	mame	Blazer (Japan)
blazstar	neogeo	Blazing Star
blkbustr	mame	BlockBuster
blkdrgon	mame	Black Dragon (Japan)
blkdrgonb	mame	Black Dragon (bootleg)
blkheart	mame	Black Heart
blkheartj	mame	Black Heart (Japan)
blkhole	mame	Black Hole
blkpnthr	mame	Black Panther
blktiger	mame	Black Tiger
blktigera	mame	Black Tiger (older)
blktigerb1	mame	Black Tiger (bootleg set 1)
blktigerb2	mame	Black Tiger (bootleg set 2)
blktigerb3	mame	Black Tiger / Black Dragon (mixed bootleg?)
blmbycar	mame	Blomby Car
blmbycaru	mame	Blomby Car (not encrypted)
block	mame	Block Block (World 911219 Joystick)
blockade	mame	Blockade
blockbl	mame	Block Block (bootleg)
blockcar	mame	Block Carnival / Thunder & Lightning 2
blockgal	mame	Block Gal (MC-8123B, 317-0029)
blockhl	mame	Block Hole
blockj	mame	Block Block (Japan 910910)
blockout	mame	Block Out (set 1)
blockout2	mame	Block Out (set 2)
blockoutj	mame	Block Out (Japan)
blockr1	mame	Block Block (World 911106 Joystick)
blockr2	mame	Block Block (World 910910)
bloodbro	mame	Blood Bros. (World?)
bloodbroj	mame	Blood Bros. (Japan, rev A)
bloodbroja	mame	Blood Bros. (Japan)
bloodbrou	mame	Blood Bros. (US)
bloodstm	mame	Blood Storm (v2.22)
bloodstm10	mame	Blood Storm (v1.04)
bloodstm11	mame	Blood Storm (v1.10)
bloodstm21	mame	Blood Storm (v2.10)
bloodstm22	mame	Blood Storm (v2.20)
bloodwar	mame	Blood Warrior
blox16b	mame	Bloxeed (System 16B, PS2 data file)
bloxeed	mame	Bloxeed (Japan, FD1094 317-0139)
bloxeedd	mame	Bloxeed (Japan, FD1094 317-0139 decrypted)
blstroid	mame	Blasteroids (rev 4)
blstroid2	mame	Blasteroids (rev 2)
blstroid3	mame	Blasteroids (rev 3)
blstroidg	mame	Blasteroids (German, rev 2)
blstroidh	mame	Blasteroids (with heads)
blswhstl	mame	Bells & Whistles (World, version L)
blswhstla	mame	Bells & Whistles (Asia, version M)
bluehawk	mame	Blue Hawk
bluehawkn	mame	Blue Hawk (NTC)
blueprnt	mame	Blue Print (Midway)
blueprntj	mame	Blue Print (Jaleco)
blzntrnd	mame	Blazing Tornado
bmaster	mame	Blade Master (World)
bnj	mame	Bump 'n' Jump
boblbobl	mame	Bobble Bobble (bootleg of Bubble Bobble)
boblcave	mame	Bubble Bobble: Lost Cave V1.2 (for Bobble Bobble PCB)
bodyslam	mame	Body Slam (8751 317-0015)
bogeyman	mame	Bogey Manor
boggy84	mame	Boggy '84
boggy84b	mame	Boggy '84 (bootleg)
bombbee	mame	Bomb Bee
bomber	mame	Bomber (bootleg of Scramble)
bombjack	mame	Bomb Jack (set 1)
bombjack2	mame	Bomb Jack (set 2)
bombjackt	mame	Bomb Jack (Tecfri, Spain)
bombkick	mame	Bomb Kick (set 1)
bombkicka	mame	Bomb Kick (set 2)
bombrman	mame	Bomber Man (Japan)
bongo	mame	Bongo
bonkadv	mame	B.C. Kid / Bonk's Adventure / Kyukyoku!! PC Genjin
bonzeadv	mame	Bonze Adventure (World, Newer)
bonzeadvo	mame	Bonze Adventure (World, Older)
bonzeadvp	mame	Bonze Adventure (World, prototype)
bonzeadvu	mame	Bonze Adventure (US)
boobhack	mame	Booby Kids (Italian manufactured graphic hack / bootle
boogwing	mame	Boogie Wings (Euro v1.5, 92.12.07)
boogwinga	mame	Boogie Wings (Asia v1.5, 92.12.07)
boogwingu	mame	Boogie Wings (USA v1.7, 92.12.14)
boomrang	mame	Boomer Rang'r / Genesis (set 1)
boomranga	mame	Boomer Rang'r / Genesis (set 2)
botanic	mame	Botanic (English / Spanish)
botanicf	mame	Botanic (French)
bottom9	mame	Bottom of the Ninth (ver. T)
bottom9n	mame	Bottom of the Ninth (ver. N)
bouldash	mame	Boulder Dash / Boulder Dash Part 2 (World)
bouldashj	mame	Boulder Dash / Boulder Dash Part 2 (Japan)
bounty	mame	The Bounty
bounty2	mame	The Bounty (set 2)
bowlrama	mame	Bowl-O-Rama
boxyboy	mame	Boxy Boy (SB?)
bradley	mame	Bradley Trainer
brain	mame	Brain
brapboys	mame	B.Rap Boys (World)
brapboysp	mame	B.Rap Boys Special (World)
brapboyspj	mame	B.Rap Boys Special (Japan)
brapboyspu	mame	B.Rap Boys Special (US)
brdrlinb	mame	Borderline (Karateco bootleg)
brdrline	mame	Borderline
brdrlinet	mame	Borderline (Tranquillizer Gun conversion)
brdrlins	mame	Borderline (Sidam bootleg)
breakers	neogeo	Breakers
breakrev	neogeo	Breakers Revenge
breywood	mame	Breywood (Japan revision 2)
brix	mame	Brix
brkthru	mame	Break Thru (US)
brkthruj	mame	Kyohkoh-Toppa (Japan)
brubber	mame	Burnin' Rubber
bshark	mame	Battle Shark (World)
bsharkj	mame	Battle Shark (Japan)
bsharkjjs	mame	Battle Shark (Japan, Joystick)
bsharku	mame	Battle Shark (US)
bssoccer	mame	Back Street Soccer
bstars	neogeo	Baseball Stars Professional (NGM-002)
bstars2	neogeo	Baseball Stars 2
bstarsh	neogeo	Baseball Stars Professional (NGH-002)
btime	mame	Burger Time (Data East set 1)
btime2	mame	Burger Time (Data East set 2)
btime3	mame	Burger Time (Data East USA)
btimem	mame	Burger Time (Midway)
btlfield	mame	Battle Field (Japan)
btlfieldb	mame	Battle Field (bootleg)
btlkroad	mame	Battle K-Road
btlkroadk	mame	Battle K-Road (Korean PCB)
bub68705	mame	Bubble Bobble (boolteg with 68705, set 1)
bub68705a	mame	Bubble Bobble (boolteg with 68705, set 2)
bubblem	mame	Bubble Memories: The Story Of Bubble Bobble III (Ver 2
bubblemj	mame	Bubble Memories: The Story Of Bubble Bobble III (Ver 2
bubblemu	mame	Bubble Memories: The Story Of Bubble Bobble III (Ver 2
bubbles	mame	Bubbles
bubblesp	mame	Bubbles (prototype version)
bubblesr	mame	Bubbles (Solid Red label)
bubbletr	mame	Bubble Trouble (World, Rev B)
bubbletrj	mame	Bubble Trouble (Japan, Rev C)
bubl2000	mame	Bubble 2000
bublbob2	mame	Bubble Bobble II (Ver 2.6O 1994/12/16)
bublbob2o	mame	Bubble Bobble II (Ver 2.5O 1994/10/05)
bublbob2p	mame	Bubble Bobble II (Ver 0.0J 1993/12/13, prototype)
bublbobl	mame	Bubble Bobble (Japan, Ver 0.1)
bublbobl1	mame	Bubble Bobble (Japan, Ver 0.0)
bublboblb	mame	Bubble Bobble (for Bobble Bobble PCB)
bublboblp	mame	Bubble Bobble (prototype on Tokio hardware)
bublboblr	mame	Bubble Bobble (US, Ver 5.1)
bublboblr1	mame	Bubble Bobble (US, Ver 1.0)
bublboblu	mame	Bubble Bobble (Ultra Version, Hack)
bublcave	mame	Bubble Bobble: Lost Cave V1.2
bublcave10	mame	Bubble Bobble: Lost Cave V1.0
bublcave11	mame	Bubble Bobble: Lost Cave V1.1
bublpong	mame	Bubble Pong Pong
bubsymphb	mame	Bubble Symphony (bootleg with OKI6295)
bubsymphe	mame	Bubble Symphony (Ver 2.5O 1994/10/05)
bubsymphj	mame	Bubble Symphony (Ver 2.5J 1994/10/05)
bubsymphu	mame	Bubble Symphony (Ver 2.5A 1994/10/05)
bucaner	mame	Buccaneer
buccanrs	mame	Buccaneers (set 1)
buccanrsa	mame	Buccaneers (set 2)
buccanrsb	mame	Buccaneers (set 3, harder)
buckrog	mame	Buck Rogers: Planet of Zoom
buckrogn	mame	Buck Rogers: Planet of Zoom (not encrypted, set 1)
buckrogn2	mame	Buck Rogers: Planet of Zoom (not encrypted, set 2)
bucky	mame	Bucky O'Hare (ver EAB)
buckyaa	mame	Bucky O'Hare (ver AA)
buckyaab	mame	Bucky O'Hare (ver AAB)
buckyea	mame	Bucky O'Hare (ver EA)
buckyjaa	mame	Bucky O'Hare (ver JAA)
buckyuab	mame	Bucky O'Hare (ver UAB)
bullet	mame	Bullet (FD1094 317-0041)
bulletd	mame	Bullet (FD1094 317-0041 decrypted)
bullfgt	mame	Bullfight (315-5065)
buraiken	mame	Hissatsu Buraiken (Japan)
burglarx	mame	Burglar X
burnforc	mame	Burning Force (Japan, new version (Rev C))
burnforco	mame	Burning Force (Japan, old version)
burningf	neogeo	Burning Fight (NGM-018)(NGH-018)
burningfh	neogeo	Burning Fight (NGH-018)(US)
burningfp	neogeo	Burning Fight (prototype, older)
burningfpa	neogeo	Burning Fight (prototype, ver 23.3, 910326)
butasan	mame	Butasan - Pig's & Bomber's (Japan, English)
butasanj	mame	Butasan (Japan, Japanese)
buzzard	mame	Buzzard
bwcasino	mame	Boardwalk Casino
bwidow	mame	Black Widow
bwidowp	mame	Black Widow (prototype)
bwings	mame	B-Wings (Japan new Ver.)
bwingsa	mame	B-Wings (Alt Ver.?)
bwingso	mame	B-Wings (Japan old Ver.)
bygone	mame	Bygone
bzone	mame	Battle Zone (rev 2)
bzonea	mame	Battle Zone (rev 1)
bzonec	mame	Battle Zone (cocktail)
cabal	mame	Cabal (World, Joystick)
cabala	mame	Cabal (korea?, Joystick)
cabaluk	mame	Cabal (UK, Trackball)
cabalukj	mame	Cabal (UK, Joystick)
cabalus	mame	Cabal (US set 1, Trackball)
cabalus2	mame	Cabal (US set 2, Trackball)
cachat	mame	Cachat (Japan)
cactus	mame	Cactus (bootleg of Saboten Bombers)
cadanglr	mame	Angler Dangler (DECO Cassette) (US)
cadash	mame	Cadash (World)
cadashf	mame	Cadash (France)
cadashg	mame	Cadash (Germany, version 1)
cadashi	mame	Cadash (Italy)
cadashj	mame	Cadash (Japan, version 2)
cadashj1	mame	Cadash (Japan, version 1)
cadashjo	mame	Cadash (Japan, oldest version)
cadashp	mame	Cadash (World, prototype)
cadashs	mame	Cadash (Spain, version 1)
cadashu	mame	Cadash (US, version 2)
cairblad	mame	Change Air Blade (Japan)
calibr50	mame	Caliber 50
calipso	mame	Calipso
calorie	mame	Calorie Kun vs Moguranian
calorieb	mame	Calorie Kun vs Moguranian (bootleg)
cameltry	mame	Cameltry (US, YM2610)
cameltrya	mame	Cameltry (US, YM2203 + M6295)
cameltryau	mame	Cameltry (World, YM2203 + M6295)
cameltryj	mame	Cameltry (Japan, YM2610)
candance	mame	Cannon Dancer (Japan)
candory	mame	Candory (Bootleg)
cannball	mame	Cannon Ball (Yun Sung, horizontal)
cannballv	mame	Cannon Ball (Yun Sung, vertical)
cannonbp	mame	Cannon Ball (Pacman Hardware)
canvas	mame	Canvas Croquis
canyon	mame	Canyon Bomber
canyonp	mame	Canyon Bomber (prototype)
capbowl	mame	Capcom Bowling (set 1)
capbowl2	mame	Capcom Bowling (set 2)
capbowl3	mame	Capcom Bowling (set 3)
capbowl4	mame	Capcom Bowling (set 4)
capitol	mame	Capitol
captaven	mame	Captain America and The Avengers (Asia Rev 1.4)
captavena	mame	Captain America and The Avengers (Asia Rev 1.0)
captavene	mame	Captain America and The Avengers (UK Rev 1.4)
captavenj	mame	Captain America and The Avengers (Japan Rev 0.2)
captavenu	mame	Captain America and The Avengers (US Rev 1.9)
captavenua	mame	Captain America and The Avengers (US Rev 1.4)
captavenuu	mame	Captain America and The Avengers (US Rev 1.6)
captcomm	cps1	Captain Commando (911202 other country)
captcommb	cps1	Captain Commando (bootleg set 1, 911014 other country)
captcommb2	cps1	Captain Commando (bootleg set 2 (with YM2151 + 2xMSM52
captcommj	cps1	Captain Commando (911202 Japan)
captcommjr1	cps1	Captain Commando (910928 Japan)
captcommr1	cps1	Captain Commando (911014 other country)
captcommu	cps1	Captain Commando (910928 USA)
car2	mame	Car 2 (bootleg of Head On 2)
carhntds	mame	Car Hunt / Deep Scan (France)
carjmbre	mame	Car Jamboree
carnival	mame	Carnival (upright)
carnivalc	mame	Carnival (cocktail)
carnivalh	mame	Carnival (Head On hardware, set 1)
carnivalha	mame	Carnival (Head On hardware, set 2)
casanova	mame	Casanova
cashquiz	mame	Cash Quiz (Type B, Version 5)
castfant	mame	Astro Fantasia (DECO Cassette) (US)
catacomb	mame	Catacomb
catapult	mame	Catapult
catt	mame	Catt (Japan)
cavelon	mame	Cavelon
cavenger	mame	Cosmic Avenger
cawing	cps1	Carrier Air Wing (U.S. navy 901012 etc)
cawingb2	cps1	Carrier Air Wing (bootleg set 2 (with 2xYM2203 + 2xMSM
cawingbl	cps1	Carrier Air Wing (bootleg set 1 (with 2xYM2203 + 2xMSM
cawingj	cps1	U.S. Navy (901012 Japan)
cawingr1	cps1	Carrier Air Wing (U.S. navy 901009 etc)
cawingu	cps1	Carrier Air Wing (U.S. navy 901130 USA)
cawingur1	cps1	Carrier Air Wing (U.S. navy 901012 USA)
cbdash	mame	Boulder Dash (DECO Cassette) (US)
cbnj	mame	Bump 'n' Jump (DECO Cassette) (US)
cbombers	mame	Chase Bombers (World)
cbombersj	mame	Chase Bombers (Japan)
cbombersp	mame	Chase Bombers (Japan Prototype)
cbtime	mame	Burger Time (DECO Cassette) (US)
cburnrub	mame	Burnin' Rubber (DECO Cassette) (US) (set 1)
cburnrub2	mame	Burnin' Rubber (DECO Cassette) (US) (set 2)
cbuster	mame	Crude Buster (World FX version)
cbusterj	mame	Crude Buster (Japan FR revision 1)
cbusterw	mame	Crude Buster (World FU version)
ccastles	mame	Crystal Castles (version 4)
ccastles1	mame	Crystal Castles (version 1)
ccastles2	mame	Crystal Castles (version 2)
ccastles3	mame	Crystal Castles (version 3)
ccastlesf	mame	Crystal Castles (version 3, French)
ccastlesg	mame	Crystal Castles (version 3, German)
ccastlesj	mame	Crystal Castles (joystick version)
ccastlesp	mame	Crystal Castles (version 3, Spanish)
cclimber	mame	Crazy Climber (US set 1)
cclimbera	mame	Crazy Climber (US set 2)
cclimberj	mame	Crazy Climber (Japan)
cclimbr2	mame	Crazy Climber 2 (Japan)
cclimbr2a	mame	Crazy Climber 2 (Japan, Harder)
cdiscon1	mame	Disco No.1 (DECO Cassette) (US)
cdsteljn	mame	DS Telejan (DECO Cassette) (Japan)
cencourt	mame	Center Court (World, 4 Players, prototype, MC-8123B)
centiped	mame	Centipede (revision 4)
centiped3	mame	Centipede (revision 3)
cexplore	mame	Explorer (DECO Cassette) (US)
cfboy0a1	mame	Flash Boy (vertical) [DECO Cassette MD] (No.12/Ver.0/S
cfghtice	mame	Fighting Ice Hockey (DECO Cassette) (US)
cfishing	mame	Fishing (DECO Cassette) (Japan)
cflyball	mame	Flying Ball (DECO Cassette) (US)
cgraplop	mame	Cluster Buster (DECO Cassette) (US)
cgraplop2	mame	Graplop (no title screen) (DECO Cassette) (US)
chainrec	mame	Chain Reaction (World, Version 2.2, 1995.09.25)
chaknpop	mame	Chack'n Pop
chamburger	mame	Hamburger (DECO Cassette) (Japan)
chameleo	mame	Chameleon
champwr	mame	Champion Wrestler (World)
champwrj	mame	Champion Wrestler (Japan)
champwru	mame	Champion Wrestler (US)
chanbara	mame	Chanbara
changes	mame	Changes
changesa	mame	Changes (EME license)
charlien	mame	Charlie Ninja
chasehq	mame	Chase H.Q. (World)
chasehqj	mame	Chase H.Q. (Japan)
chasehqju	mame	Chase H.Q. (Japan UP)
chasehqu	mame	Chase H.Q. (US)
checkman	mame	Check Man
checkmanj	mame	Check Man (Japan)
cheekyms	mame	Cheeky Mouse
chelnov	mame	Chelnov - Atomic Runner (World)
chelnovj	mame	Chelnov - Atomic Runner (Japan)
chelnovu	mame	Chelnov - Atomic Runner (US)
chewing	mame	Chewing Gum
chikij	cps1	Chiki Chiki Boys (900619 Japan)
chimerab	mame	Chimera Beast (prototype)
chinagat	mame	China Gate (US)
chinatwn	mame	China Town (Japan)
chkun	mame	Chance Kun (Japan)
chokchok	mame	Choky! Choky!
choko	cps2	Choko (010820 Japan)
choplift	mame	Choplifter (8751 315-5151)
chopliftbl	mame	Choplifter (bootleg)
chopliftu	mame	Choplifter (unprotected)
chopper	mame	Chopper I (US ver 2)
choppera	mame	Chopper I (US ver 1?)
chopperb	mame	Chopper I (US)
chqflag	mame	Chequered Flag
chqflagj	mame	Chequered Flag (Japan)
chukatai	mame	Chuka Taisen (World) (P0-028-A PCB)
chukataij	mame	Chuka Taisen (Japan) (P0-028-A PCB)
chukataija	mame	Chuka Taisen (Japan) (P0-025-A PCB)
chukataiu	mame	Chuka Taisen (US) (P0-028-A PCB)
chwy	mame	Highway Chase (DECO Cassette) (US)
circusc	mame	Circus Charlie (level select, set 1)
circusc2	mame	Circus Charlie (level select, set 2)
circusc3	mame	Circus Charlie (level select, set 3)
circusc4	mame	Circus Charlie (no level select)
circuscc	mame	Circus Charlie (Centuri)
circusce	mame	Circus Charlie (Centuri, earlier)
citybomb	mame	City Bomber (World)
citybombj	mame	City Bomber (Japan)
citycon	mame	City Connection (set 1)
citycona	mame	City Connection (set 2)
ckong	mame	Crazy Kong
ckongg	mame	Crazy Kong (bootleg on Galaxian hardware)
ckongmc	mame	Crazy Kong (bootleg on Moon Cresta hardware)
ckongpt2	mame	Crazy Kong Part II (set 1)
ckongs	mame	Crazy Kong (Scramble hardware)
clapapa	mame	Rootin' Tootin' / La-Pa-Pa (DECO Cassette) (US)
clapapa2	mame	Rootin' Tootin' (DECO Cassette) (US)
clbowl	mame	Coors Light Bowling
cleopatr	mame	Cleopatra Fortune (Ver 2.1J 1996/09/05)
cloak	mame	Cloak & Dagger (rev 5)
cloakfr	mame	Cloak & Dagger (French)
cloakgr	mame	Cloak & Dagger (German)
cloaksp	mame	Cloak & Dagger (Spanish)
clocknch	mame	Lock'n'Chase (DECO Cassette) (US)
clocknchj	mame	Lock'n'Chase (DECO Cassette) (Japan)
cloud9	mame	Cloud 9 (prototype)
clshroad	mame	Clash-Road
clshroadd	mame	Clash-Road (Data East license)
clshroads	mame	Clash-Road (Status license)
cltchitr	mame	Clutch Hitter (set 2, US, FD1094 317-0176)
cltchitrd	mame	Clutch Hitter (set 2, US, FD1094 317-0176 decrypted)
cltchitrj	mame	Clutch Hitter (set 1, Japan, FD1094 317-0175)
cltchitrjd	mame	Clutch Hitter (set 1, Japan, FD1094 317-0175 decrypted
cluckypo	mame	Lucky Poker (DECO Cassette) (US)
cmanhat	mame	Manhattan (DECO Cassette) (Japan)
cmissnx	mame	Mission-X (DECO Cassette) (US)
cnbe	neogeo	Codename - Blut Engel (2006-01-19)
cndi	neogeo	Chip n Dale (Intro demo)
cnightst	mame	Night Star (DECO Cassette) (US) (set 1)
cnightst2	mame	Night Star (DECO Cassette) (US) (set 2)
cninja	mame	Caveman Ninja (World ver 4)
cninja1	mame	Caveman Ninja (World ver 1)
cninjabl	mame	Caveman Ninja (bootleg)
cninjau	mame	Caveman Ninja (US ver 4)
cobracom	mame	Cobra-Command (World/US revision 5)
cobracoma	mame	Cobra-Command (World/US revision 4)
cobracomb	mame	Cobra-Command (Italian bootleg)
cobracomj	mame	Cobra-Command (Japan)
cobracomja	mame	Cobra-Command (Japan?, set 2)
cobracomjb	mame	Cobra-Command (Japan, bootleg)
cocean1a	mame	Ocean to Ocean (Medal) (DECO Cassette MD) (No.10/Ver.1
cocean6b	mame	Ocean to Ocean (Medal) (DECO Cassette MD) (No.10/Ver.6
colony7	mame	Colony 7 (set 1)
colony7a	mame	Colony 7 (set 2)
columnsn	neogeo	Columns (Neo Geo)
combatsc	mame	Combat School (joystick)
combh	mame	Combat Hawk
commando	mame	Commando (World)
commandob	mame	Commando (bootleg)
commandob2	mame	Commando (bootleg 2)
commandoj	mame	Senjou no Ookami
commandou	mame	Commando (US, set 1)
commandou2	mame	Commando (US, set 2)
commandw	mame	Command War - Super Special Battle & War Game (Ver 0.0
commsega	mame	Commando (Sega)
comotion	mame	CoMOTION
complexx	mame	Complex X
condor	mame	Condor (Sidam bootleg of Phoenix)
condorn	mame	Condor (S C Novar bootleg of Phoenix)
congo	mame	Congo Bongo
congoa	mame	Congo Bongo (Rev C, 3 board stack)
conquer	mame	Conquer
contcirc	mame	Continental Circus (World)
contcircj	mame	Continental Circus (Japan)
contcircu	mame	Continental Circus (US set 1)
contcircua	mame	Continental Circus (US set 2)
contra	mame	Contra (US / Asia, set 1)
contra1	mame	Contra (US / Asia, set 2)
contrab	mame	Contra (bootleg)
contrabj	mame	Contra (Japan bootleg, set 1)
contrabj1	mame	Contra (Japan bootleg, set 2)
contrae	mame	Contra (US / Asia, set 3)
contraj	mame	Contra (Japan, set 1)
contraj1	mame	Contra (Japan, set 2)
cookbib	mame	Cookie & Bibi (set 1)
cookbib2	mame	Cookie & Bibi 2 (set 1)
cookbib2a	mame	Cookie & Bibi 2 (set 2)
cookbib3	mame	Cookie & Bibi 3
cookbiba	mame	Cookie & Bibi (set 2)
coozumou	mame	Oozumou - The Grand Sumo (DECO Cassette) (Japan)
cop01	mame	Cop 01 (set 1)
cop01a	mame	Cop 01 (set 2)
copsnrob	mame	Cops'n Robbers
cosmccop	mame	Cosmic Cop (World)
cosmogng	mame	Cosmo Gang the Video (US)
cotton	mame	Cotton (set 3, World, FD1094 317-0181a)
cottond	mame	Cotton (set 3, World, FD1094 317-0181a decrypted)
cottong	mame	Cotocoto Cottong
cottonj	mame	Cotton (set 2, Japan, Rev B, FD1094 317-0179b))
cottonja	mame	Cotton (set 1, Japan, Rev A, FD1094 317-0179a))
cottonjad	mame	Cotton (set 1, Japan, Rev A, FD1094 317-0179a decrypte
cottonjd	mame	Cotton (set 2, Japan, Rev B, FD1094 317-0179b decrypte
cottonu	mame	Cotton (set 2, US, FD1094 317-0180)
cottonud	mame	Cotton (set 2, US, FD1094 317-0180 decrypted)
countrun	mame	Counter Run (NS6201-A 1988.3)
countrunb	mame	Counter Run (bootleg set 1)
countryc	mame	Country Club
cphd	neogeo	Crouching Poney Hidden Dragon (DEMO)
cppicf	mame	Peter Pepper's Ice Cream Factory (DECO Cassette) (US)
cppicf2	mame	Peter Pepper's Ice Cream Factory (DECO Cassette) (US)
cprobowl	mame	Pro Bowling (DECO Cassette) (US)
cprogolf	mame	Tournament Pro Golf (DECO Cassette) (US)
cprogolf18	mame	18 Challenge Pro Golf (DECO Cassette) (Japan)
cprogolfj	mame	Tournament Pro Golf (DECO Cassette) (Japan)
cps1demo	cps1	Chaos Demo (CPS-1)
cps1frog	cps1	Frog Feast (CPS-1)
cpsoccer	mame	Pro Soccer (DECO Cassette) (US)
cpsoccerj	mame	Pro Soccer (DECO Cassette) (Japan)
cptennis	mame	Pro Tennis (DECO Cassette) (US)
cptennisj	mame	Pro Tennis (DECO Cassette) (Japan)
crater	mame	Crater Raider
crazyblk	mame	Crazy Blocks
crazycop	mame	Crazy Cop (Japan)
crazyfgt	mame	Crazy Fight
crbaloon	mame	Crazy Balloon (set 1)
crbaloon2	mame	Crazy Balloon (set 2)
crimec	mame	Crime City (World)
crimecj	mame	Crime City (Japan)
crimecu	mame	Crime City (US)
crimfght	mame	Crime Fighters (World 2 players)
crimfghtj	mame	Crime Fighters (Japan 2 Players)
crimfghtu	mame	Crime Fighters (US 4 Players)
crockman	mame	Crock-Man (bootleg, Rene-Pierre)
croquis	mame	Croquis (Germany)
crospang	mame	Cross Pang
crossbld	mame	Cross Blades! (Japan)
crshrace	mame	Lethal Crash Race (set 1)
crshrace2	mame	Lethal Crash Race (set 2)
crswd2bl	neogeo	Crossed Swords 2 (bootleg CD to cartridge conversion)
crsword	neogeo	Crossed Swords (ALM-002)(ALH-002)
cruisin	mame	Cruisin
crush	mame	Crush Roller (Kural Samno)
crush2	mame	Crush Roller (Kural Esco - bootleg?)
crush4	mame	Crush Roller (Kural - bootleg?)
crush5	mame	Crush Roller (Kural TWT)
crushbl	mame	Crush Roller (bootleg set 1)
crushbl2	mame	Crush Roller (bootleg set 2)
crushbl3	mame	Crush Roller (bootleg set 3)
crusherm	mame	Crusher Makochan (Japan)
crushs	mame	Crush Roller (Sidam bootleg)
crzrally	mame	Crazy Rally (set 1)
crzrallya	mame	Crazy Rally (set 2)
crzrallyg	mame	Crazy Rally (Gecas license)
csclub	cps2	Capcom Sports Club (971017 Euro)
csclub1	cps2	Capcom Sports Club (970722 Euro)
csclub1d	cps2	Capcom Sports Club (970722 Euro Phoenix Edition)
cscluba	cps2	Capcom Sports Club (970722 Asia)
csclubh	cps2	Capcom Sports Club (970722 Hispanic)
csclubj	cps2	Capcom Sports Club (970722 Japan)
csclubjy	cps2	Capcom Sports Club (970722 Japan, yellow case)
cscrtry	mame	Scrum Try (DECO Cassette) (US) (set 1)
cscrtry2	mame	Scrum Try (DECO Cassette) (US) (set 2)
csdtenis	mame	Super Doubles Tennis (DECO Cassette) (Japan)
csilver	mame	Captain Silver (World)
csilverj	mame	Captain Silver (Japan revision 3)
csilverja	mame	Captain Silver (Japan revision 1)
cskater	mame	Skater (DECO Cassette) (Japan)
csuperas	mame	Super Astro Fighter (DECO Cassette) (US)
csweetht	mame	Sweet Heart (DECO Cassette) (US)
ct2k3sa	neogeo	Crouching Tiger Hidden Dragon 2003 Super Plus alternat
ct2k3sp	neogeo	Crouching Tiger Hidden Dragon 2003 Super Plus
cterrani	mame	Terranean (DECO Cassette) (US)
cthd2003	neogeo	Crouching Tiger Hidden Dragon 2003 (set 1)
cthd2k3a	neogeo	Crouching Tiger Hidden Dragon 2003 (set 2)
ctisland	mame	Treasure Island (DECO Cassette) (US) (set 1)
ctisland2	mame	Treasure Island (DECO Cassette) (US) (set 2)
ctisland3	mame	Treasure Island (DECO Cassette) (unk)
ctomaday	neogeo	Captain Tomaday
ctornado	mame	Tornado (DECO Cassette) (US)
ctribe	mame	The Combatribes (US, rev 2, set 1)
ctribeb	mame	The Combatribes (bootleg set 1)
ctribeb2	mame	The Combatribes (bootleg set 2)
ctribej	mame	The Combatribes (Japan)
ctribeu1	mame	The Combatribes (US , rev 1)
ctribeua	mame	The Combatribes (US, rev 2, set 2)
ctrpllrp	mame	Caterpillar Pacman Hack
ctsttape	mame	Test Tape (DECO Cassette) (US)
cubybop	mame	Cuby Bop (location test)
cuebrick	mame	Cue Brick (World, version D)
cuebrickj	mame	Cue Brick (Japan)
cultures	mame	Jibun wo Migaku Culture School Mahjong Hen
cupfinal	mame	Taito Cup Finals (Ver 1.0O 1993/02/28)
cutefght	mame	Cute Fighter
cutieq	mame	Cutie Q
cworld	mame	Capcom World (Japan)
cworld2j	cps1	Adventure Quiz Capcom World 2 (920611 Japan)
cworld2ja	cps1	Adventure Quiz Capcom World 2 (Japan 920611, B-Board 9
cworld2jb	cps1	Adventure Quiz Capcom World 2 (Japan 920611, B-Board 9
cybattlr	mame	Cybattler
cyberlip	neogeo	Cyber-Lip (NGM-010)
cybertnk	mame	Cyber Tank (v1.4)
cybots	cps2	Cyberbots - fullmetal madness (950424 Euro)
cybotsj	cps2	Cyberbots - fullmetal madness (950420 Japan)
cybotsjd	cps2	Cyberbots - fullmetal madness (Japan 950424) (decrypte
cybotsu	cps2	Cyberbots - fullmetal madness (950424 USA)
cybotsud	cps2	Cyberbots - fullmetal madness (950424 USA Phoenix Edit
cyvern	mame	Cyvern (US)
cyvernj	mame	Cyvern (Japan)
czeroize	mame	Zeroize (DECO Cassette) (US)
dacholer	mame	Dacholer
dadandrn	mame	Kyukyoku Sentai Dadandarn (ver JAA)
daimakai	cps1	Dai Makai-Mura (Japan)
daimakaib	cps1	Dai Makai-Mura (bootleg, Japan)
daimakair	cps1	Dai Makai-Mura (Japan Resale Ver.)
daioh	mame	Daioh
daioha	mame	Daioh (earlier)
daiohc	mame	Daioh (93111A PCB conversion)
daiohp	mame	Daioh (prototype)
dairesya	mame	Dai Ressya Goutou (Japan)
daisenpu	mame	Daisenpu (Japan)
daitorid	mame	Daitoride
daitorida	mame	Daitoride (YMF278B version)
dambustr	mame	Dambusters (US, set 1)
dambustra	mame	Dambusters (US, set 2)
dambustruk	mame	Dambusters (UK)
dangar	mame	Ufo Robo Dangar (4/07/1987)
dangara	mame	Ufo Robo Dangar (12/1/1986)
dangarb	mame	Ufo Robo Dangar (9/26/1986)
dangarbt	mame	Ufo Robo Dangar (bootleg)
dangarj	mame	Ufo Robo Dangar (9/26/1986, Japan)
dangseed	mame	Dangerous Seed (Japan)
dankuga	mame	Dan-Ku-Ga (Ver 0.0J 1994/12/13) (Prototype)
daraku	mame	Daraku Tenshi - The Fallen Angels
darius	mame	Darius (World)
darius2	mame	Darius II (Japan)
darius2d	mame	Darius II (dual screen) (Japan)
darius2do	mame	Darius II (dual screen) (Japan old version)
dariuse	mame	Darius (Extra) (Japan)
dariusg	mame	Darius Gaiden - Silver Hawk (Ver 2.5O 1994/09/19)
dariusgj	mame	Darius Gaiden - Silver Hawk (Ver 2.5J 1994/09/19)
dariusgu	mame	Darius Gaiden - Silver Hawk (Ver 2.5A 1994/09/19)
dariusgx	mame	Darius Gaiden - Silver Hawk Extra Version (Ver 2.7J 19
dariusj	mame	Darius (Japan)
dariuso	mame	Darius (Japan old version)
dariusu	mame	Darius (US)
darkadv	mame	Dark Adventure
darkmist	mame	The Lost Castle In Darkmist
darkplnt	mame	Dark Planet
darkseal	mame	Dark Seal (World revision 3)
darkseal1	mame	Dark Seal (World revision 1)
darkseal2	mame	Dark Seal 2 (Japan v2.1)
darksealj	mame	Dark Seal (Japan)
darktowr	mame	Dark Tower
darwin	mame	Darwin 4078 (Japan)
dassault	mame	Desert Assault (US)
dassault4	mame	Desert Assault (US 4 Players)
dblaxle	mame	Double Axle (US)
dblaxleul	mame	Double Axle (US, Rev 1, Linkable)
dbldynj	mame	The Double Dynamites (Japan, 13NOV89)
dbldynu	mame	The Double Dynamites (US, 13NOV89)
dblewing	mame	Double Wings
dblpoint	mame	Double Point
dblpointd	mame	Double Point (Dong Bang Electron, bootleg?)
dbreed	mame	Dragon Breed (M81 PCB version)
dbreedm72	mame	Dragon Breed (M72 PCB version)
dbz	mame	Dragonball Z (rev B)
dbz2	mame	Dragonball Z 2 - Super Battle
dbza	mame	Dragonball Z (rev A)
dcon	mame	D-Con
dday	mame	D-Day
ddayc	mame	D-Day (Centuri)
ddaydoo	mame	Chulgyeok D-Day (Korea)
ddayjlc	mame	D-Day (Jaleco set 1)
ddayjlca	mame	D-Day (Jaleco set 2)
ddcrew	mame	D. D. Crew (set 4, World, 3 Players, FD1094 317-0190)
ddcrew1	mame	D. D. Crew (set 1, World, 4 Players, FD1094 317-?)
ddcrew1d	mame	D. D. Crew (set 1, World, 4 Players, FD1094 317-? decr
ddcrew2	mame	D. D. Crew (set 2, World, 2 Players, FD1094 317-0184)
ddcrew2d	mame	D. D. Crew (set 2, World, 2 Players, FD1094 317-0184 d
ddcrewd	mame	D. D. Crew (set 4, World, 3 Players, FD1094 317-0190 d
ddcrewj	mame	D. D. Crew (set 5, Japan, 4 Players, FD1094 317-0185)
ddcrewj2	mame	D. D. Crew (set 6, Japan, 2 Players, FD1094 317-0182)
ddcrewj2d	mame	D. D. Crew (set 6, Japan, 2 Players, FD1094 317-0182 d
ddcrewjd	mame	D. D. Crew (set 5, Japan, 4 Players, FD1094 317-0185 d
ddcrewu	mame	D. D. Crew (set 3, US, 4 Players, FD1094 317-0186)
ddcrewud	mame	D. D. Crew (set 3, US, 4 Players, FD1094 317-0186 decr
ddonpach	mame	DoDonPachi (International, master ver. 97/02/05)
ddonpacha	mame	DoDonPachi (Arrange Mode version 1.1, hack by Trap15)
ddonpachj	mame	DoDonPachi (Japan, master ver. 97/02/05)
ddp2	mame	Bee Storm - DoDonPachi II (V102, World)
ddp2100	mame	Bee Storm - DoDonPachi II (V100, World)
ddp2100c	mame	Bee Storm - DoDonPachi II (V100, China)
ddp2100hk	mame	Bee Storm - DoDonPachi II (V100, Hong Kong)
ddp2100j	mame	Bee Storm - DoDonPachi II (V100, Japan)
ddp2100k	mame	Bee Storm - DoDonPachi II (V100, Korea)
ddp2100t	mame	Bee Storm - DoDonPachi II (V100, Taiwan)
ddp2101	mame	Bee Storm - DoDonPachi II (V101, World)
ddp2101c	mame	Bee Storm - DoDonPachi II (V101, China)
ddp2101hk	mame	Bee Storm - DoDonPachi II (V101, Hong Kong)
ddp2101j	mame	Bee Storm - DoDonPachi II (V101, Japan)
ddp2101k	mame	Bee Storm - DoDonPachi II (V101, Korea)
ddp2101t	mame	Bee Storm - DoDonPachi II (V101, Taiwan)
ddp2c	mame	Bee Storm - DoDonPachi II (V102, China)
ddp2hk	mame	Bee Storm - DoDonPachi II (V102, Hong Kong)
ddp2j	mame	Bee Storm - DoDonPachi II (V102, Japan)
ddp2k	mame	Bee Storm - DoDonPachi II (V102, Korea)
ddp2t	mame	Bee Storm - DoDonPachi II (V102, Taiwan)
ddp3	mame	DoDonPachi III (World, 2002.05.15 Master Ver)
ddpdoj	mame	DoDonPachi Dai-Ou-Jou (V101, Japan)
ddpdoja	mame	DoDonPachi Dai-Ou-Jou (V100 (second version), Japan)
ddpdojb	mame	DoDonPachi Dai-Ou-Jou (V100 (first version), Japan)
ddpdojblk	mame	DoDonPachi Dai-Ou-Jou Black Label (V100, (2002.10.07.B
ddpdojblka	mame	DoDonPachi Dai-Ou-Jou Black Label (V100 (2002.10.07 Bl
ddpdojblkbl	mame	DoDonPachi Dai-Ou-Jou Black Label (2002.10.07 Black Ve
ddragon	mame	Double Dragon (Japan)
ddragon2	mame	Double Dragon II - The Revenge (World)
ddragon2b	mame	Double Dragon II - The Revenge (US bootleg, set 1)
ddragon2b2	mame	Double Dragon II - The Revenge (US bootleg, set 2)
ddragon2u	mame	Double Dragon II - The Revenge (US)
ddragon3	mame	Double Dragon 3 - The Rosetta Stone (US)
ddragon3b	mame	Double Dragon 3 - The Rosetta Stone (bootleg)
ddragon3j	mame	Double Dragon 3 - The Rosetta Stone (Japan)
ddragon3p	mame	Double Dragon 3 - The Rosetta Stone (prototype)
ddragonb	mame	Double Dragon (bootleg with HD6309)
ddragonb2	mame	Double Dragon (bootleg)
ddragonba	mame	Double Dragon (bootleg with M6803)
ddragonu	mame	Double Dragon (US set 1)
ddragonua	mame	Double Dragon (US set 2)
ddragonub	mame	Double Dragon (US set 3)
ddragonw	mame	Double Dragon (World set 1)
ddragonw1	mame	Double Dragon (World set 2)
ddream95	mame	Dunk Dream '95 (Japan 1.4, EAM)
ddribble	mame	Double Dribble
ddribblep	mame	Double Dribble (prototype?)
ddsom	cps2	Dungeons & Dragons - shadow over mystara (960619 Euro)
ddsoma	cps2	Dungeons & Dragons - shadow over mystara (960619 Asia)
ddsomar1	cps2	Dungeons & Dragons - shadow over mystara (960208 Asia)
ddsomb	cps2	Dungeons & Dragons - shadow over mystara (960223 Brazi
ddsomh	cps2	Dungeons & Dragons - shadow over mystara (960223 Hispa
ddsomj	cps2	Dungeons & Dragons - shadow over mystara (960619 Japan
ddsomjr1	cps2	Dungeons & Dragons - shadow over mystara (960206 Japan
ddsomjr2	cps2	Dungeons & Dragons - shadow over mystara (960223 Japan
ddsomr1	cps2	Dungeons & Dragons - shadow over mystara (960223 Euro)
ddsomr2	cps2	Dungeons & Dragons - shadow over mystara (960209 Euro)
ddsomr3	cps2	Dungeons & Dragons - shadow over mystara (960208 Euro)
ddsomu	cps2	Dungeons & Dragons - shadow over mystara (960619 USA)
ddsomud	cps2	Dungeons & Dragons - shadow over mystara (960619 USA P
ddsomur1	cps2	Dungeons & Dragons - shadow over mystara (960209 USA)
ddtod	cps2	Dungeons & Dragons - tower of doom (940412 Euro)
ddtoda	cps2	Dungeons & Dragons - tower of doom (940412 Asia)
ddtodar1	cps2	Dungeons & Dragons - tower of doom (940113 Asia)
ddtodd	cps2	Dungeons & Dragons - tower of doom (940412 Euro Phoeni
ddtodh	cps2	Dungeons & Dragons - tower of doom (940412 Hispanic)
ddtodhr1	cps2	Dungeons & Dragons - tower of doom (940125 Hispanic)
ddtodhr2	cps2	Dungeons & Dragons - tower of doom (940113 Hispanic)
ddtodj	cps2	Dungeons & Dragons - tower of doom (940412 Japan)
ddtodjr1	cps2	Dungeons & Dragons - tower of doom (940125 Japan)
ddtodjr2	cps2	Dungeons & Dragons - tower of doom (940113 Japan)
ddtodr1	cps2	Dungeons & Dragons - tower of doom (940113 Euro)
ddtodu	cps2	Dungeons & Dragons - tower of doom (940125 USA)
ddtodur1	cps2	Dungeons & Dragons - tower of doom (940113 USA)
ddungeon	mame	Dangerous Dungeons
ddux	mame	Dynamite Dux (set 2, FD1094 317-0096)
ddux1	mame	Dynamite Dux (set 1, 8751 317-0095)
dduxbl	mame	Dynamite Dux (bootleg)
dduxd	mame	Dynamite Dux (set 2, FD1094 317-0096 decrypted)
dduxj	mame	Dynamite Dux (set 2, Japan, FD1094 317-0094)
dduxjd	mame	Dynamite Dux (set 2, Japan, FD1094 317-0094 decrypted)
deadconx	mame	Dead Connection (World)
deadconxj	mame	Dead Connection (Japan)
dealer	mame	The Dealer
deathbrd	mame	Death Brade (Japan ver JM-3)
decomult	mame	Deco Cassette System Multigame (ROM based)
deerhunt	mame	Deer Hunting USA V4.3
deerhunta	mame	Deer Hunting USA V4.2
deerhuntb	mame	Deer Hunting USA V4.0
deerhuntc	mame	Deer Hunting USA V3.0
deerhuntd	mame	Deer Hunting USA V2
deerhunte	mame	Deer Hunting USA V1
defcmnd	mame	Defense Command (Defender bootleg)
defence	mame	Defence Command (Defender bootleg)
defender	mame	Defender (Red label)
defenderb	mame	Defender (Blue label)
defenderg	mame	Defender (Green label)
defenderj	mame	T.T Defender
defenderw	mame	Defender (White label)
defense	mame	Defense (System 16B, FD1089A 317-0028)
defndjeu	mame	Defender (bootleg)
deltrace	mame	Delta Race
deluxe4u	mame	Deluxe 4 U (ver. 0107, 07/01/2000)
deluxe5	mame	Deluxe 5 (ver. 0107, 07/01/2000, set 1)
deluxe5a	mame	Deluxe 5 (ver. 0107, 07/01/2000, set 2)
deluxe5b	mame	Deluxe 5 (ver. 0107, 07/01/2000, set 3)
demoderb	mame	Demolition Derby
demoderbc	mame	Demolition Derby (cocktail)
demoderm	mame	Demolition Derby (MCR-3 Mono Board Version)
demonwld	mame	Demon's World / Horror Story (set 1)
demonwld1	mame	Demon's World / Horror Story (set 2)
demonwld2	mame	Demon's World / Horror Story (set 3)
demonwld3	mame	Demon's World / Horror Story (set 4)
demonwld4	mame	Demon's World / Horror Story (set 5)
depthch	mame	Depthcharge
depthcho	mame	Depthcharge (older)
deroon	mame	Deroon DeroDero
deroon2	mame	Deroon DeroDero (newer)
deroona	mame	Deroon DeroDero (alt set)
desertbr	mame	Desert Breaker (World, FD1094 317-0196)
desertbrd	mame	Desert Breaker (World, FD1094 317-0196 decrypted)
desertbrj	mame	Desert Breaker (Japan, FD1094 317-0194)
desertbrjd	mame	Desert Breaker (Japan, FD1094 317-0194 decrypted)
desertdn	mame	Desert Dan
detatwin	mame	Detana!! Twin Bee (Japan ver. J)
devilfsg	mame	Devil Fish (Galaxian hardware, bootleg?)
devilfsh	mame	Devil Fish
devilw	mame	Devil World
devstors	mame	Devastators (ver. Z)
devstors2	mame	Devastators (ver. 2)
devstorsv	mame	Devastators (ver. V)
devstorsx	mame	Devastators (ver. X)
dfeveron	mame	Dangun Feveron (Japan, ver. 98/09/17)
dharma	mame	Dharma Doujou
dharmaj	mame	Dharma Doujou (Japan)
dharmak	mame	Dharma Doujou (Korea)
diamond	mame	Diamond Run
dietgo	mame	Diet Go Go (Euro v1.1 1992.09.26)
dietgoe	mame	Diet Go Go (Euro v1.1 1992.08.04)
dietgoj	mame	Diet Go Go (Japan v1.1 1992.09.26)
dietgou	mame	Diet Go Go (USA v1.1 1992.09.26)
digdug	mame	Dig Dug (rev 2)
digdug2	mame	Dig Dug II (New Ver.)
digdug2o	mame	Dig Dug II (Old Ver.)
digger	mame	Digger
diggerma	neogeo	Digger Man
dimahoo	cps2	Dimahoo (000121 Euro)
dimahoou	cps2	Dimahoo (000121 USA)
dimahoud	cps2	Dimahoo (000121 USA Phoenix Edition)
dingo	mame	Dingo
dingoe	mame	Dingo (encrypted)
dino	cps1	Cadillacs & Dinosaurs (930201 etc)
dinoa	cps1	Cadillacs & Dinosaurs (930223 Asia TW)
dinoeh	cps1	Cadillacs and Dinosaurs (hack, 930201 etc)
dinoh	cps1	Cadillacs and Dinosaurs (bootleg set 3, 930223 Asia TW
dinohc	cps1	Cadillacs and Dinosaurs (Chinese bootleg, 930223 Asia
dinohunt	cps1	Dinosaur Hunter (Chinese bootleg, 930223 Asia TW)
dinoj	cps1	Cadillacs Kyouryuu-Shinseiki (Cadillacs 930201 Japan)
dinopic	cps1	Cadillacs and Dinosaurs (bootleg set 1 (with PIC16c57)
dinopic2	cps1	Cadillacs and Dinosaurs (bootleg set 2 (with PIC16c57)
dinopic3	cps1	Cadillacs and Dinosaurs (bootleg set 3 (with PIC16c57)
dinopic4	cps1	Cadillacs and Dinosaurs (bootleg set 4 (with PIC16c57)
dinorex	mame	Dino Rex (World)
dinorexj	mame	Dino Rex (Japan)
dinorexu	mame	Dino Rex (US)
dinot	cps1	Cadillacs and Dinosaurs Turbo (bootleg set 1, 930223 A
dinotpic	cps1	Cadillacs and Dinosaurs Turbo (bootleg set 2 (with PIC
dinou	cps1	Cadillacs & Dinosaurs (930201 USA)
dirtfoxj	mame	Dirt Fox (Japan)
disco	mame	Disco No.1
discof	mame	Disco No.1 (Rev.F)
divebomb	mame	Kyuukoukabakugekitai - Dive Bomber Squad (Japan, proto
diverboy	mame	Diver Boy
djboy	mame	DJ Boy (World)
djboyj	mame	DJ Boy (Japan, set 1)
djboyja	mame	DJ Boy (Japan, set 2)
djboyu	mame	DJ Boy (US, set 1)
djboyua	mame	DJ Boy (US, set 2)
dkgensan	mame	Daiku no Gensan (Japan, M82)
dkgensanm72	mame	Daiku no Gensan (Japan, M72)
dkingjr	mame	Donkey King Jr. (bootleg of Donkey Kong Jr.)
dkong	mame	Donkey Kong (US set 1)
dkong3	mame	Donkey Kong 3 (US)
dkong3b	mame	Donkey Kong 3 (bootleg on Donkey Kong Jr. hardware)
dkong3j	mame	Donkey Kong 3 (Japan)
dkongf	mame	Donkey Kong Foundry (hack)
dkonghrd	mame	Donkey Kong (US set 1) with Hard kit
dkongj	mame	Donkey Kong (Japan set 1)
dkongjnrj	mame	Donkey Kong Junior (Japan?)
dkongjo	mame	Donkey Kong (Japan set 2)
dkongjo1	mame	Donkey Kong (Japan set 3)
dkongjr	mame	Donkey Kong Junior (US set F-2)
dkongjr2	mame	Donkey Kong Junior (US, bootleg?)
dkongjrb	mame	Donkey Kong Jr. (bootleg)
dkongjre	mame	Donkey Kong Junior (E Kit)
dkongjrj	mame	Donkey Kong Jr. (Japan)
dkongjrm	mame	Donkey Kong Jr. (Moon Cresta hardware)
dkongjrpb	mame	Donkey Kong Junior (P kit, bootleg)
dkongo	mame	Donkey Kong (US set 2)
dkongpe	mame	Donkey Kong - Pauline Edition (hack, rev 5)
dkongx	mame	Donkey Kong II - Jumpman Returns (hack, V1.2)
dkongx11	mame	Donkey Kong II - Jumpman Returns (hack, V1.1)
dkrainbow	mame	Donkey Kong - Arcade Rainbow (hack)
dland	mame	Dream Land / Super Dream Land (bootleg of Bubble Bobbl
dleague	mame	Dynamite League (US)
dleaguej	mame	Dynamite League (Japan)
dmnfrnt	mame	Demon Front (V105)
dmnfrnta	mame	Demon Front (V102, China)
dmnfrntb	mame	Demon Front (V103)
dmnfrntpcb	mame	Demon Front (V107, Korea, Single PCB Version)
dngrtrck	mame	Danger Track (Rally X bootleg)
docastle	mame	Mr. Do\'s Castle (set 1)
dockman	mame	Dock Man
dodgeman	mame	Dodge Man
dogfgt	mame	Acrobatic Dog-Fight
dogfgtj	mame	Dog-Fight (Japan)
dogfgtu	mame	Acrobatic Dog-Fight (USA)
dogfight	mame	Dog Fight (Thunderbolt)
dogosokb	mame	Dogou Souken (Joystick hack bootleg)
dogosoke	mame	Dogou Souken
dogyuun	mame	Dogyuun
dogyuuna	mame	Dogyuun (Licensed to Unite Trading For Korea)
dogyuunt	mame	Dogyuun (test location version)
dokaben	mame	Dokaben (Japan)
dolmen	mame	Dolmen
domino	mame	Domino Man
dommy	mame	Dommy
dondokod	mame	Don Doko Don (World)
dondokodj	mame	Don Doko Don (Japan)
dondokodu	mame	Don Doko Don (US)
donight	mame	Mr.Do's Nightmare (hack by Krazy Ivan)
donpachi	mame	DonPachi (USA, ver. 1.12, 95/05/2x)
donpachihk	mame	DonPachi (Hong Kong, ver. 1.10, 95/05/17)
donpachij	mame	DonPachi (Japan, ver. 1.01, 95/05/11)
donpachikr	mame	DonPachi (Korea, ver. 1.12, 95/05/2x)
dorachan	mame	Dora-chan (Japan)
dorodon	mame	Dorodon (set 1)
dorodon2	mame	Dorodon (set 2)
dorunrun	mame	Do! Run Run (set 1)
dotrikun	mame	Dottori Kun (new version)
dotrikun2	mame	Dottori Kun (old version)
dotriman	mame	Dottori-Man Jr.
dotron	mame	Discs of Tron (Upright)
dotrona	mame	Discs of Tron (Upright alternate)
dotrone	mame	Discs of Tron (Environmental)
doubledr	neogeo	Double Dragon (Neo-Geo)
doubledrsp	neogeo	Double Dragon (Special 2017, hack)
dowild	mame	Mr. Do's Wild Ride
downtown	mame	DownTown / Mokugeki (Set 1)
downtown2	mame	DownTown / Mokugeki (Set 2)
downtownj	mame	DownTown / Mokugeki (Joystick Hack)
downtownp	mame	DownTown / Mokugeki (prototype)
dpoker	mame	Draw Poker (Bally, 03-20)
dquizgo	mame	Date Quiz Go Go (Korea)
dragnblz	mame	Dragon Blaze
dragngun	mame	Dragon Gun (US)
dragngunj	mame	Dragon Gun (Japan)
dragonsh	neogeo	Dragon's Heaven (development board)
drakton	mame	Drakton (DK conversion)
dreambal	mame	Dream Ball (Japan V2.4)
dreamwld	mame	Dream World
dremshpr	mame	Dream Shopper
drgnbowl	mame	Dragon Bowl
drgnbowla	mame	Dragon Bowl (set 2, unencrypted program)
drgnbstr	mame	Dragon Buster
drgninja	mame	Dragonninja (Japan)
drgninjab	mame	Dragonninja (bootleg set 1)
drgninjab2	mame	Dragonninja (bootleg set 2)
drgnmst	mame	Dragon Master
drgnunit	mame	Dragon Unit / Castle of Dragon
drgw2	mame	Dragon World II (V110X, World)
drgw2c	mame	Zhong Guo Long II (V100C, China)
drgw2hk	mame	Dragon World II (V100H, Hong Kong)
drgw2j	mame	Chuugokuryuu II (V100J, Japan)
drgw3	mame	Dragon World 3 (V106, Korea)
drgw3100	mame	Chuugokuryuu 3 Special (ver. 100, Japan)
drgw3103	mame	Chuugokuryuu 3 Special (ver. 103, japan)
drgw3105	mame	Dragon World 3 (ver. 105)
dribling	mame	Dribbling
driblingbr	mame	Dribbling (bootleg, Brazil)
driblingo	mame	Dribbling (Olympia)
drifto94	mame	Drift Out '94 - The Hard Order (Japan)
driftout	mame	Drift Out (Europe)
driftoutj	mame	Drift Out (Japan)
driveout	mame	Drive Out
drivfrcb	mame	Driving Force (Galaxian conversion bootleg)
drivfrcg	mame	Driving Force (Galaxian conversion)
drivfrcp	mame	Driving Force (Pac-Man conversion)
drivfrct	mame	Top Racer (bootleg of Driving Force)
drktnjr	mame	Drakton (DKJr conversion)
drmicro	mame	Dr. Micro
drtomy	mame	Dr. Tomy
drtoppel	mame	Dr. Toppel's Adventure (World)
drtoppela	mame	Dr. Toppel's Adventure (World, alt?)
drtoppelj	mame	Dr. Toppel's Tankentai (Japan)
drtoppelu	mame	Dr. Toppel's Adventure (US)
dsaber	mame	Dragon Saber (World, DO2)
dsabera	mame	Dragon Saber (World, older?)
dsaberj	mame	Dragon Saber (Japan, Rev B)
dsoccr94	mame	Dream Soccer '94 (World, M107 hardware)
dsoccr94j	mame	Dream Soccer '94 (Japan)
dsoccr94k	mame	Dream Soccer '94 (Korea, M107 hardware)
dspirit	mame	Dragon Spirit (new version (DS3))
dspirit1	mame	Dragon Spirit (old version (DS1))
dspirit2	mame	Dragon Spirit (DS2)
dstlk	cps2	Darkstalkers - the night warriors (940705 Euro)
dstlka	cps2	Darkstalkers - the night warriors (940705 Asia)
dstlkh	cps2	Darkstalkers - the night warriors (940818 Hispanic)
dstlku	cps2	Darkstalkers - the night warriors (940818 USA)
dstlku1d	cps2	Darkstalkers - the night warriors (940705 USA Phoenix
dstlkur1	cps2	Darkstalkers - the night warriors (940705 USA)
dualaslt	mame	Dual Assault
ducki	neogeo	Duck Tales (Intro demo)
dumpmtmt	mame	Dump Matsumoto (Japan, 8751 317-unknown)
dungeonm	mame	Dungeon Magic (Ver 2.1O 1994/02/18)
dungeonmu	mame	Dungeon Magic (Ver 2.1A 1994/02/18)
dunkshot	mame	Dunk Shot (Rev C, FD1089 317-0022)
dunkshota	mame	Dunk Shot (Rev A, FD1089 317-0022)
dunkshoto	mame	Dunk Shot (FD1089 317-0022)
dw2001	mame	Dragon World 2001 (V100, Japan)
dw2v100x	mame	Dragon World II (V100X, World)
dwex	mame	Dragon World 3 EX (ver. 100)
dwi	neogeo	DarkWing Duck (Intro demo)
dwia	neogeo	DarkWing Duck (Intro demo, alt)
dwpc	mame	Dragon World Pretty Chance (V101, Japan)
dyger	mame	Dyger (Korea set 1)
dygera	mame	Dyger (Korea set 2)
dynablst	mame	Dynablaster / Bomber Man
dynagear	mame	Dyna Gear
dynduke	mame	Dynamite Duke (Europe, 03SEP89)
dyndukea	mame	Dynamite Duke (Europe, 25JUL89)
dyndukej	mame	Dynamite Duke (Japan, 03SEP89)
dyndukeja	mame	Dynamite Duke (Japan, 25JUL89)
dyndukeu	mame	Dynamite Duke (US, 25JUL89)
dynwar	cps1	Dynasty Wars (US set 1)
dynwara	cps1	Dynasty Wars (US set 2)
dynwarj	cps1	Tenchi wo Kurau (Japan)
dynwarjr	cps1	Tenchi wo Kurau (Japan Resale Ver.)
eagle	mame	Eagle (set 1)
eagle2	mame	Eagle (set 2)
eagle3	mame	Eagle (set 3)
eaglshot	mame	Eagle Shot Golf
earthjkr	mame	U.N. Defense Force: Earth Joker (Japan)
earthjkrp	mame	U.N. Defense Force: Earth Joker (Japan, prototype?)
ecofghtr	cps2	Eco Fighters (931203 etc)
ecofghtra	cps2	Eco Fighters (931203 Asia)
ecofghtrd	cps2	Eco Fighters (931203 World Phoenix Edition)
ecofghtrh	cps2	Eco Fighters (931203 Hispanic)
ecofghtru	cps2	Eco Fighters (940215 USA)
ecofghtru1	cps2	Eco Fighters (931203 USA)
edf	mame	E.D.F. : Earth Defense Force (set 1)
edfa	mame	E.D.F. : Earth Defense Force (set 2)
edfbl	mame	E.D.F. : Earth Defense Force (bootleg)
edfu	mame	E.D.F. : Earth Defense Force (North America)
edrandy	mame	The Cliffhanger - Edward Randy (World ver 3)
edrandy1	mame	The Cliffhanger - Edward Randy (World ver 1)
edrandy2	mame	The Cliffhanger - Edward Randy (World ver 2)
edrandyj	mame	The Cliffhanger - Edward Randy (Japan ver 3)
eeekk	mame	Eeekk!
efdt	mame	El Fin Del Tiempo
egghunt	mame	Egg Hunt
eggor	mame	Eggor
eggs	mame	Eggs
eightfrc	mame	Eight Forces
eightman	neogeo	Eight Man (NGM-025)(NGH-025)
elecyoyo	mame	The Electric Yo-Yo (set 1)
elecyoyo2	mame	The Electric Yo-Yo (set 2)
elevator	mame	Elevator Action (5 pcb version, 1.1)
elevator4	mame	Elevator Action (4 pcb version, 1.1)
elevatorb	mame	Elevator Action (bootleg)
elim2	mame	Eliminator (2 Players, set 1)
elim2a	mame	Eliminator (2 Players, set 2)
elim2c	mame	Eliminator (2 Players, cocktail)
elim4	mame	Eliminator (4 Players)
elim4p	mame	Eliminator (4 Players, prototype)
elvact2u	mame	Elevator Action II (Ver 2.2A 1995/02/20)
elvactr	mame	Elevator Action Returns (Ver 2.2O 1995/02/20)
elvactrj	mame	Elevator Action Returns (Ver 2.2J 1995/02/20)
empcity	mame	Empire City: 1931 (bootleg?)
empcityi	mame	Empire City: 1931 (Italy)
empcityj	mame	Empire City: 1931 (Japan)
empcityu	mame	Empire City: 1931 (US)
endurobl	mame	Enduro Racer (bootleg set 1)
enduror	mame	Enduro Racer (YM2151, FD1089B 317-0013A)
enduror1	mame	Enduro Racer (YM2203, FD1089B 317-0013A)
enduror1d	mame	Enduro Racer (YM2203, bootleg of FD1089B 317-0013A)
endurora	mame	Enduro Racer (YM2151) (mask ROM sprites, FD1089B 317-0
endurord	mame	Enduro Racer (YM2151, bootleg of FD1089B 317-0013A set
enforce	mame	Enforce (World)
enforcej	mame	Enforce (Japan)
enforceja	mame	Enforce (Japan, Analog Controls)
enmadaio	mame	Enma Daio (Japan)
eprom	mame	Escape from the Planet of the Robot Monsters (set 1)
esb	mame	The Empire Strikes Back
esckids	mame	Escape Kids (Asia, 4 Players)
esckidsj	mame	Escape Kids (Japan, 2 Players)
espgal	mame	Espgaluda (V100, Japan)
espgalbl	mame	Espgaluda (2003/10/15 Master Ver, bootleg cartridge co
espial	mame	Espial (Europe)
espialu	mame	Espial (US?)
esprade	mame	ESP Ra.De. - A.D.2018 Tokyo (International, ver. 98/04
espradej	mame	ESP Ra.De. (Japan, ver. 98/04/21)
espradejo	mame	ESP Ra.De. (Japan, ver. 98/04/14)
eswat	mame	E-Swat - Cyber Police (set 4, World, FD1094 317-0130)
eswatbl	mame	E-Swat - Cyber Police (bootleg)
eswatd	mame	E-Swat - Cyber Police (set 4, World, FD1094 317-0130 d
eswatj	mame	E-Swat - Cyber Police (set 2, Japan, FD1094 317-0128)
eswatj1	mame	E-Swat - Cyber Police (set 1, Japan, FD1094 317-0131)
eswatj1d	mame	E-Swat - Cyber Police (set 1, Japan, FD1094 317-0131 d
eswatjd	mame	E-Swat - Cyber Police (set 2, Japan, FD1094 317-0128 d
eswatu	mame	E-Swat - Cyber Police (set 3, US, FD1094 317-0129)
eswatud	mame	E-Swat - Cyber Police (set 3, US, FD1094 317-0129 decr
eto	mame	Kokontouzai Eto Monogatari (Japan)
euroch92	mame	Euro Champ '92 (World)
evilston	mame	Evil Stone
excelsr	mame	Excelsior (set 1)
excelsra	mame	Excelsior (set 2)
excthour	mame	Exciting Hour
exctleag	mame	Excite League (FD1094 317-0079)
exctleagd	mame	Excite League (FD1094 317-0079 decrypted)
exedexes	mame	Exed Exes
exerizerb	mame	Exerizer (Japan) (bootleg)
exodus	mame	Exodus (bootleg?)
explbrkr	mame	Explosive Breaker (World)
explbrkrk	mame	Explosive Breaker (Korea)
explorer	mame	Explorer
extdwnhl	mame	Extreme Downhill (v1.5)
extrmatn	mame	Extermination (World)
extrmatnj	mame	Extermination (Japan)
extrmatnu	mame	Extermination (US, set 1)
extrmatnur	mame	Extermination (US, Romstar)
exzisus	mame	Exzisus (Japan, dedicated)
exzisusa	mame	Exzisus (Japan, conversion)
exzisust	mame	Exzisus (TAD license)
eyes	mame	Eyes (Digitrex Techstar)
eyes2	mame	Eyes (Techstar)
eyesb	mame	Eyes (bootleg set 1)
eyeszacb	mame	Eyes (bootleg set 2, decrypted)
f1dream	mame	F-1 Dream
f1dreamb	mame	F-1 Dream (bootleg, set 1)
f1dreamba	mame	F-1 Dream (bootleg, set 2)
f1gp	mame	F-1 Grand Prix
f1gp2	mame	F-1 Grand Prix Part II
f1gpb	mame	F-1 Grand Prix (Playmark bootleg)
faceoff	mame	Face Off (Japan 2 Players)
falcon	mame	Falcon (bootleg of Phoenix) (8085A CPU)
falconz	mame	Falcon (bootleg of Phoenix) (Z80 CPU)
fantasia	mame	Fantasia (940429 PCB, set 1)
fantasiaa	mame	Fantasia (940307 PCB)
fantasiab	mame	Fantasia (940429 PCB, set 2)
fantasian	mame	Fantasia (940803 PCB)
fantastc	mame	Fantastic (Galaga conversion on Galaxian hardware)
fantasyg	mame	Fantasy (Germany, set 1)
fantasyg2	mame	Fantasy (Germany, set 2)
fantasyj	mame	Fantasy (Japan)
fantasyu	mame	Fantasy (US)
fantazia	mame	Fantazia (bootleg?)
fantland	mame	Fantasy Land (set 1)
fantlanda	mame	Fantasy Land (set 2)
fantsia2	mame	Fantasia II (Explicit)
fantsia2a	mame	Fantasia II (Less Explicit)
fantsia2n	mame	Fantasia II (1998)
fantsy95	mame	Fantasy '95
fantzn2	mame	Fantasy Zone II - The Tears of Opa-Opa (MC-8123, 317-0
fantzn2x	mame	Fantasy Zone II - The Tears of Opa-Opa (System 16C)
fantzn2xp	mame	Fantasy Zone II - The Tears of Opa-Opa (System 16C, pr
fantzn2xps2	mame	Fantasy Zone II - The Tears of Opa-Opa (System 16C, PS
fantznta	mame	Fantasy Zone Time Attack (System 16B, PS2 data file)
fantzone	mame	Fantasy Zone (Rev A, unprotected)
fantzone1	mame	Fantasy Zone (unprotected)
fantzonee	mame	Fantasy Zone (FD1089B 317-0016)
fantzonep	mame	Fantasy Zone (317-5000)
fantzonepr	mame	Fantasy Zone (prototype)
fantzoneta	mame	Fantasy Zone (Time Attack, bootleg)
farmer	mame	Farmers Rebellion
farwest	mame	Far West
fastfred	mame	Fast Freddie
fastlane	mame	Fast Lane
fatfursp	neogeo	Fatal Fury Special / Garou Densetsu Special (set 1)(NG
fatfurspa	neogeo	Fatal Fury Special / Garou Densetsu Special (set 2)(NG
fatfury1	neogeo	Fatal Fury - King of Fighters / Garou Densetsu - shuku
fatfury2	neogeo	Fatal Fury 2 / Garou Densetsu 2 - arata-naru tatakai (
fatfury2a	neogeo	Fatal Fury 2 / Garou Densetsu 2 - arata-naru tatakai (
fatfury3	neogeo	Fatal Fury 3 - Road to the Final Victory / Garou Dense
fatfury3a	neogeo	Fatal Fury 3 - Road to the Final Victory / Garou Dense
fball	mame	Fire Ball (FM Work)
fbfrenzy	neogeo	Football Frenzy (NGM-034)(NGH-034)
fcrash	cps1	Final Crash (bootleg (with 2xYM2203 + 2xMSM5205))
fenix	mame	Fenix (bootleg of Phoenix)
feversos	mame	Fever SOS (International, ver. 98/09/25)
ffantasy	mame	Fighting Fantasy (Japan revision 3)
ffantasya	mame	Fighting Fantasy (Japan)
ffantasyb	mame	Fighting Fantasy (Japan revision ?)
ffantasyj	mame	Fighting Fantasy (Japan revision 2)
ffight	cps1	Final Fight (World, set 1)
ffighta	cps1	Final Fight (World, set 2)
ffightbl	cps1	Final Fight (bootleg set 1 (with 2xYM2203 + 2xMSM5205)
ffightbla	cps1	Final Fight (bootleg set 2 (with 2xYM2203 + 2xMSM5205)
ffightj	cps1	Final Fight (Japan)
ffightj1	cps1	Final Fight (900112 Japan)
ffightj2	cps1	Final Fight (900305 Japan)
ffightj3	cps1	Final Fight (900405 Japan)
ffightj4	cps1	Final Fight (900613 Japan)
ffightjh	cps1	Street Smart / Final Fight (Japan, hack)
ffightu	cps1	Final Fight (USA, set 1)
ffightu1	cps1	Final Fight (USA, set 2)
ffightu2	cps1	Final Fight (USA, set 3)
ffightua	cps1	Final Fight (900112 USA)
ffightub	cps1	Final Fight (900424 USA)
ffightuc	cps1	Final Fight (900613 USA)
fghtbskt	mame	Fighting Basketball
fghthist	mame	Fighter's History (World ver 43-09, DE-0395-1 PCB)
fghthista	mame	Fighter's History (World ver 43-07, DE-0380-2 PCB)
fghthistb	mame	Fighter's History (World ver 43-05, DE-0380-2 PCB)
fghthistj	mame	Fighter's History (Japan ver 41-07, DE-0395-1 PCB)
fghthistja	mame	Fighter's History (Japan ver 41-05, DE-0380-2 PCB)
fghthistjb	mame	Fighter's History (Japan ver 41-04, DE-0380-1 PCB)
fghthistu	mame	Fighter's History (US ver 42-09, DE-0396-0 PCB)
fghthistua	mame	Fighter's History (US ver 42-06, DE-0395-1 PCB)
fghthistub	mame	Fighter's History (US ver 42-05, DE-0395-1 PCB)
fghthistuc	mame	Fighter's History (US ver 42-03, DE-0380-2 PCB)
fhawk	mame	Fighting Hawk (World)
fhawkj	mame	Fighting Hawk (Japan)
fightfev	neogeo	Fight Fever (set 1)
fightfeva	neogeo	Fight Fever (set 2)
fightrol	mame	Fighting Roller
finalap2	mame	Final Lap 2
finalap2j	mame	Final Lap 2 (Japan)
finalap3	mame	Final Lap 3 (World, set 1)
finalap3a	mame	Final Lap 3 (World, set 2)
finalap3bl	mame	Final Lap 3 (bootleg)
finalap3j	mame	Final Lap 3 (Japan)
finalap3jc	mame	Final Lap 3 (Japan - Rev C)
finalb	mame	Final Blow (World)
finalbj	mame	Final Blow (Japan)
finalbu	mame	Final Blow (US)
finalizr	mame	Finalizer - Super Transformation
finalizrb	mame	Finalizer - Super Transformation (bootleg)
finallap	mame	Final Lap (Rev E)
finallapc	mame	Final Lap (Rev C)
finallapd	mame	Final Lap (Rev D)
finallapjb	mame	Final Lap (Japan, Rev B)
finallapjc	mame	Final Lap (Japan, Rev C)
finalttr	mame	Final Tetris
finehour	mame	Finest Hour (Japan)
firebarr	mame	Fire Barrel (Japan)
firebatl	mame	Fire Battle
firebeas	mame	Firebeast (prototype)
firehawk	mame	Fire Hawk (horizontal)
fireshrk	mame	Fire Shark
fireshrka	mame	Fire Shark (earlier)
fireshrkd	mame	Fire Shark (Korea, set 1, easier)
fireshrkdh	mame	Fire Shark (Korea, set 2, harder)
firetrap	mame	Fire Trap (US, set 1)
firetrapa	mame	Fire Trap (US, set 2)
firetrapbl	mame	Fire Trap (Japan bootleg)
firetrapj	mame	Fire Trap (Japan)
fitegolf	mame	Fighting Golf (World?)
fitegolf2	mame	Fighting Golf (US, Ver 2)
fitegolfu	mame	Fighting Golf (US)
fitter	mame	Fitter
fitterbl	mame	Fitter (bootleg of Round-Up)
fixeight	mame	FixEight (Europe)
fixeighta	mame	FixEight (Southeast Asia)
fixeightat	mame	FixEight (Southeast Asia, Taito license)
fixeighth	mame	FixEight (Hong Kong)
fixeightht	mame	FixEight (Hong Kong, Taito license)
fixeightj	mame	FixEight (Japan)
fixeightjt	mame	FixEight (Japan, Taito license)
fixeightk	mame	FixEight (Korea)
fixeightkt	mame	FixEight (Korea, Taito license)
fixeightt	mame	FixEight (Europe, Taito license)
fixeighttw	mame	FixEight (Taiwan)
fixeighttwt	mame	FixEight (Taiwan, Taito license)
fixeightu	mame	FixEight (USA)
fixeightut	mame	FixEight (USA, Taito license)
fjbuster	mame	Fujiyama Buster (Japan)
flagrall	mame	'96 Flag Rally
flashgal	mame	Flashgal (set 1)
flashgala	mame	Flashgal (set 2)
flashgalk	mame	Flashgal (set 1, Kyugo logo)
flicky	mame	Flicky (128k Version, 315-5051)
flickya	mame	Flicky (128k Version, 315-5051, larger roms))
flickyg	mame	Flicky (128k Version, System 2, 315-5051, alt graphics
flickyo	mame	Flicky (64k Version, 315-5051, set 1)
flickys1	mame	Flicky (64k Version, 315-5051, set 2)
flickys2	mame	Flicky (128k Version, not encrypted)
flickys2g	mame	Flicky (128k Version, System 2, not encrypted, alt gra
flickyup	mame	Flicky (64k Version, on Up'n Down boardset)
flipjack	mame	Flipper Jack
flipshot	neogeo	Battle Flip Shot
flipull	mame	Flipull (Japan)
flkatck	mame	Flak Attack (Japan)
flkatcka	mame	Flak Attack (Japan, PWB 450593 sub-board)
flower	mame	Flower (US)
flowerj	mame	Flower (Japan)
flstory	mame	The FairyLand Story
flstoryj	mame	The FairyLand Story (Japan)
flyboy	mame	Fly-Boy
flyboyb	mame	Fly-Boy (bootleg)
flytiger	mame	Flying Tiger (set 1)
flytigera	mame	Flying Tiger (set 2)
fncywld	mame	Fancy World - Earth of Crisis
fnkyfish	mame	Funky Fish
fnshark	mame	Flyin' Shark (bootleg of Hishou Zame)
foodf	mame	Food Fight (rev 3)
foodf1	mame	Food Fight (rev 1)
foodf2	mame	Food Fight (rev 2)
foodfc	mame	Food Fight (cocktail)
footchmp	mame	Football Champ (World)
forcebrk	mame	Force Break (bootleg)
forgottn	cps1	Forgotten Worlds (World, newer)
forgottna	cps1	Forgotten Worlds (World)
forgottnu	cps1	Forgotten Worlds (US, B-Board 88621B-2, rev C)
forgottnua	cps1	Forgotten Worlds (US, B-Board 88618B-2, rev A)
forgottnuaa	cps1	Forgotten Worlds (US, B-Board 88618B-2, rev AA)
forgottnuc	cps1	Forgotten Worlds (US, B-Board 88618B-2, Rev C)
forgottnue	cps1	Forgotten Worlds (US, B-Board 88618B-2, Rev E)
formatz	mame	Formation Z
fourtrax	mame	Four Trax (World)
fourtraxa	mame	Four Trax (Asia)
fpoint	mame	Flash Point (set 2, Japan, FD1094 317-0127A)
fpoint1	mame	Flash Point (set 1, Japan, FD1094 317-0127A)
fpoint1d	mame	Flash Point (set 1, Japan, FD1094 317-0127A decrypted)
fpointbj	mame	Flash Point (Japan, bootleg)
fpointbl	mame	Flash Point (World, bootleg)
fpointd	mame	Flash Point (set 2, Japan, FD1094 317-0127A decrypted)
freekick	mame	Free Kick (NS6201-A 1987.10)
freekicka	mame	Free Kick (NS6201-A 1987.9)
freekickb1	mame	Free Kick (bootleg set 1)
freekickb3	mame	Free Kick (bootleg set 3)
freeze	mame	Freeze
friskyt	mame	Frisky Tom (set 1)
friskyta	mame	Frisky Tom (set 2)
friskytb	mame	Frisky Tom (set 3, encrypted)
frogf	mame	Frog (Falcon bootleg)
frogg	mame	Frog (Galaxian hardware)
frogger	mame	Frogger
froggermc	mame	Frogger (Moon Cresta hardware)
froggers	mame	Frog
froggers1	mame	Frogger (Sega set 1)
froggers2	mame	Frogger (Sega set 2)
froggers3	mame	Frogger (Sega set 3)
froggrs	mame	Frogger (Scramble hardware)
frogs	mame	Frogs
froman2b	neogeo	Idol Mahjong - final romance 2 (Neo CD Conversion)
frontlin	mame	Front Line
fround	mame	The Final Round (ver. M)
froundl	mame	The Final Round (ver. L)
fshark	mame	Flying Shark (World)
fsharkbt	mame	Flying Shark (bootleg with 8741)
fsoccer	mame	Fighting Soccer (version 4)
fsoccerb	mame	Fighting Soccer (Joystick hack bootleg)
fsoccerba	mame	Fighting Soccer (Joystick hack bootleg, alt)
fsoccerj	mame	Fighting Soccer (Japan)
fspiderb	mame	Frog & Spiders (bootleg?)
fstarfrc	mame	Final Star Force (US)
fstarfrcj	mame	Final Star Force (Japan)
fswords	neogeo	Fighters Swords (Korean release of Samurai Shodown III
fullthrl	mame	Full Throttle (Japan)
funcube2	mame	Funcube 2 (v1.1)
funcube4	mame	Funcube 4 (v1.0)
funkybee	mame	Funky Bee
funkybeeb	mame	Funky Bee (bootleg, harder)
funkyjet	mame	Funky Jet (World, rev 1)
funkyjeta	mame	Funky Jet (World)
funkyjetj	mame	Funky Jet (Japan, rev 2)
funnymou	mame	Funny Mouse (Japan)
funybubl	mame	Funny Bubble
funybublc	mame	Funny Bubble (Comad version)
futspy	mame	Future Spy
fx	mame	F-X
fxa	mame	F-X (alternate set)
gaia	mame	Gaia Crusaders
gaialast	mame	Gaia - The Last Choice of Earth
gaiapols	mame	Gaiapolis (ver EAF)
gaiapolsj	mame	Gaiapolis (ver JAF)
gaiapolsu	mame	Gaiapolis (ver UAF)
gaiden	mame	Ninja Gaiden (US)
galaga	mame	Galaga (Namco rev. B)
galaga3	mame	Galaga 3 (GP3 rev. D)
galaga3a	mame	Galaga 3 (GP3 rev. C)
galaga3b	mame	Galaga 3 (GP3)
galaga3c	mame	Galaga 3 (set 4)
galaga3m	mame	Galaga 3 (set 5)
galaga88	mame	Galaga '88
galaga88a	mame	Galaga '88 (02-03-88)
galaga88j	mame	Galaga '88 (Japan)
galagamf	mame	Galaga (Midway set 1 with fast shoot hack)
galagamk	mame	Galaga (Midway set 2)
galagamw	mame	Galaga (Midway set 1)
galagao	mame	Galaga (Namco)
galap1	mame	Space Invaders Galactica (galaxiaj hack)
galap4	mame	Galaxian Part 4 (hack)
galapx	mame	Galaxian Part X (moonaln hack)
galaxbsf	mame	Galaxian (bootleg, set 1)
galaxian	mame	Galaxian (Namco set 1)
galaxiana	mame	Galaxian (Namco set 2)
galaxianbl	mame	Galaxian (bootleg, set 2)
galaxiani	mame	Galaxian (Irem)
galaxianm	mame	Galaxian (Midway set 1)
galaxianmo	mame	Galaxian (Midway set 2)
galaxiant	mame	Galaxian (Taito)
galaxrcgg	mame	Galaxian Growing Galaxip / Galaxian Nave Creciente (Re
galaxrf	mame	Galaxian (Recreativos Franco S.A. Spanish bootleg)
galaxrfgg	mame	Galaxian Growing Galaxip / Galaxian Nave Creciente (Re
galaxyfg	neogeo	Galaxy Fight - Universal Warriors
galaxygn	mame	Galaxy Gunners
galemp	mame	Galaxy Empire (bootleg?)
galhustl	mame	Gals Hustler
galivan	mame	Cosmo Police Galivan (12/26/1985)
galivan2	mame	Cosmo Police Galivan (12/16/1985)
galivan3	mame	Cosmo Police Galivan (12/11/1985)
gallag	mame	Gallag
gallop	mame	Gallop - Armed police Unit (Japan)
galmedes	mame	Galmedes (Japan)
galpani4	mame	Gals Panic 4 (Europe)
galpani4j	mame	Gals Panic 4 (Japan)
galpani4k	mame	Gals Panic 4 (Korea)
galpanic	mame	Gals Panic (Unprotected)
galpanidx	mame	Gals Panic DX (Asia)
galpanis	mame	Gals Panic S - Extra Edition (Europe)
galpanisj	mame	Gals Panic S - Extra Edition (Japan)
galpanisk	mame	Gals Panic S - Extra Edition (Korea)
galpans2	mame	Gals Panic S2 (Europe)
galpans2a	mame	Gals Panic S2 (Asia)
galpans2j	mame	Gals Panic S2 (Japan)
galpans3	mame	Gals Panic S3 (Japan)
galpansu	mame	Gals Panic SU (Korea)
galspnbl	mame	Gals Pinball
galturbo	mame	Galaxian Turbo (superg hack)
galwars2	mame	Galaxy Wars II (Defender bootleg)
ganbare	cps1	Ganbare! Marine Kun (Marine 2K0411 JPN)
gangonta	mame	Ganbare! Gonta!! 2 / Party Time: Gonta the Diver II (J
gangwars	mame	Gang Wars
gangwarsb	mame	Gang Wars (bootleg)
gangwarsj	mame	Gang Wars (Japan)
gangwarsu	mame	Gang Wars (US)
ganryu	neogeo	Ganryu / Musashi Ganryuki
gaplus	mame	Gaplus (GP2 rev. B)
gaplusa	mame	Gaplus (GP2)
gaplusd	mame	Gaplus (GP2 rev D, alternate hardware)
gaplust	mame	Gaplus (Tecfri PCB)
gardia	mame	Gardia (317-0006)
gardiab	mame	Gardia (317-0007?, bootleg)
gardiaj	mame	Gardia (Japan, 317-0006)
garogun	mame	Garogun Seroyang (Korea)
garou	neogeo	Garou - Mark of the Wolves (NGM-2530)
garoubl	neogeo	Garou - Mark of the Wolves (bootleg)
garouh	neogeo	Garou - Mark of the Wolves (NGM-2530) (NGH-2530)
garouha	neogeo	Garou - Mark of the Wolves (NGH-2530)
garoup	neogeo	Garou - Mark of the Wolves (prototype)
garuka	mame	Garuka (Japan ver. W)
garyoret	mame	Garyo Retsuden (Japan)
gatedoom	mame	Gate of Doom (US revision 4)
gatedoom1	mame	Gate of Doom (US revision 1)
gaunt2	mame	Gauntlet II
gaunt22p	mame	Gauntlet II (2 Players, rev 2)
gaunt22p1	mame	Gauntlet II (2 Players, rev 1)
gaunt22pg	mame	Gauntlet II (2 Players, German)
gaunt2g	mame	Gauntlet II (German)
gauntlet	mame	Gauntlet (rev 14)
gauntlet2p	mame	Gauntlet (2 Players, rev 6)
gauntlet2pg	mame	Gauntlet (2 Players, German, rev 4)
gauntlet2pg1	mame	Gauntlet (2 Players, German, rev 1)
gauntlet2pj	mame	Gauntlet (2 Players, Japanese, rev 5)
gauntlet2pj2	mame	Gauntlet (2 Players, Japanese rev 2)
gauntlet2pr3	mame	Gauntlet (2 Players, rev 3)
gauntletg	mame	Gauntlet (German, rev 10)
gauntletgr3	mame	Gauntlet (German, rev 3)
gauntletgr6	mame	Gauntlet (German, rev 6)
gauntletgr8	mame	Gauntlet (German, rev 8)
gauntletj	mame	Gauntlet (Japanese, rev 13)
gauntletj12	mame	Gauntlet (Japanese, rev 12)
gauntletr1	mame	Gauntlet (rev 1)
gauntletr2	mame	Gauntlet (rev 2)
gauntletr4	mame	Gauntlet (rev 4)
gauntletr5	mame	Gauntlet (rev 5)
gauntletr7	mame	Gauntlet (rev 7)
gauntletr9	mame	Gauntlet (rev 9)
gauntlets	mame	Gauntlet (Spanish, rev 15)
gberet	mame	Green Beret
gberetb	mame	Green Beret (bootleg)
gblchmp	mame	Global Champion (Ver 2.1A 1994/07/29)
gbusters	mame	Gang Busters (set 1)
gbustersa	mame	Gang Busters (set 2)
gdfs	mame	Mobil Suit Gundam Final Shooting (Japan)
geebee	mame	Gee Bee (Japan)
geebeea	mame	Gee Bee (UK)
geebeeb	mame	Gee Bee (Europe)
geebeeg	mame	Gee Bee (US)
gekiridn	mame	Gekirindan (Ver 2.3O 1995/09/21)
gekiridnj	mame	Gekirindan (Ver 2.3J 1995/09/21)
gemini	mame	Gemini Wing (World)
geminib	mame	Gemini Wing (World, bootleg)
geminij	mame	Gemini Wing (Japan)
genix	mame	Genix Family
genpeitd	mame	Genpei ToumaDen
gensitou	mame	Genshi-Tou 1930's (Japan)
geostorm	mame	Geostorm (Japan)
getstarb1	mame	Get Star (bootleg set 1)
getstarb2	mame	Get Star (bootleg set 2)
getstarj	mame	Get Star (Japan)
gfire2	mame	Golden Fire II
gforce2	mame	Galaxy Force 2
gforce2j	mame	Galaxy Force 2 (Japan)
gforce2ja	mame	Galaxy Force 2 (Japan, Rev A)
gforce2sd	mame	Galaxy Force 2 (Super Deluxe unit)
ghostb	mame	The Real Ghostbusters (US 2 Players, revision 2)
ghostb2a	mame	The Real Ghostbusters (US 2 Players)
ghostb3	mame	The Real Ghostbusters (US 3 Players)
ghostb3a	mame	The Real Ghostbusters (US 3 Players, revision ?)
ghostbi	neogeo	Ghost Busters (Intro demo)
ghostlop	neogeo	Ghostlop (prototype)
ghostmun	mame	Ghost Muncher
ghouls	cps1	Ghouls'n Ghosts (World)
ghoulsu	cps1	Ghouls'n Ghosts (US)
ghox	mame	Ghox (spinner)
ghoxj	mame	Ghox (joystick)
ghoxjo	mame	Ghox (joystick, older)
gigaman2	cps2	Gigaman 2: The Power Fighters (bootleg)
gigandes	mame	Gigandes
gigandesa	mame	Gigandes (earlier)
gigas	mame	Gigas (MC-8123, 317-5002)
gigasb	mame	Gigas (bootleg)
gigasm2	mame	Gigas Mark II (MC-8123, 317-5002)
gigasm2b	mame	Gigas Mark II
gigawing	cps2	Giga Wing (990222 USA)
gigawinga	cps2	Giga Wing (990222 Asia)
gigawingb	cps2	Giga Wing (990222 Brazil)
gigawingd	cps2	Giga Wing (990222 USA Phoenix Edition)
gigawingh	cps2	Giga Wing (990222 Hispanic)
gigawingj	cps2	Giga Wing (990223 Japan)
gigawingjd	cps2	Giga Wing (990223 Japan Phoenix Edition)
gijoe	mame	G.I. Joe (World, EAB, set 1)
gijoea	mame	G.I. Joe (Asia, AA)
gijoeea	mame	G.I. Joe (World, EB8, prototype?)
gijoej	mame	G.I. Joe (Japan, JAA)
gijoeu	mame	G.I. Joe (US, UAB)
ginganin	mame	Ginga NinkyouDen (set 1)
ginganina	mame	Ginga NinkyouDen (set 2)
ginkun	mame	Ganbare Ginkun
glass	mame	Glass (Ver 1.1, Break Edition, Version 1994)
glass10	mame	Glass (Ver 1.0, Break Edition) (set 1)
glass10a	mame	Glass (Ver 1.0, Break Edition) (set 2)
glasskr	mame	Glass (Ver 1.1, Break Edition, Version 1994) (censored
gloc	mame	G-LOC Air Battle (World)
glocr360	mame	G-LOC R360 (World)
glocr360j	mame	G-LOC R360 (Japan)
glocu	mame	G-LOC Air Battle (US)
gmahou	cps2	Great Mahou Daisakusen (000121 Japan)
gmgalax	mame	Ghostmuncher Galaxian (bootleg)
gnbarich	mame	Gunbarich
gng	mame	Ghosts'n Goblins (World? set 1)
gnga	mame	Ghosts'n Goblins (World? set 2)
gngbl	mame	Ghosts'n Goblins (bootleg with Cross)
gngbla	mame	Ghosts'n Goblins (bootleg, harder)
gngblita	mame	Ghosts'n Goblins (Italian bootleg, harder)
gngc	mame	Ghosts'n Goblins (World Revision C)
gngprot	mame	Ghosts'n Goblins (prototype)
gngt	mame	Ghosts'n Goblins (US)
go2000	mame	Go 2000
goalx3	neogeo	Goal! Goal! Goal!
gogold	mame	Go For The Gold (Japan)
gogomile	mame	Susume! Mile Smile / Go Go! Mile Smile (newer)
gogomileo	mame	Susume! Mile Smile / Go Go! Mile Smile (older)
goindol	mame	Goindol (World)
goindolj	mame	Goindol (Japan)
goindolu	mame	Goindol (US)
goldmedl	mame	Gold Medalist (set 1)
goldmedla	mame	Gold Medalist (set 2)
goldmedlb	mame	Gold Medalist (bootleg)
goldnaxe	mame	Golden Axe (set 6, US, 8751 317-123A)
goldnaxe1	mame	Golden Axe (set 1, World, FD1094 317-0110)
goldnaxe1d	mame	Golden Axe (set 1, World, FD1094 317-0110 decrypted)
goldnaxe2	mame	Golden Axe (set 2, US, 8751 317-0112)
goldnaxe3	mame	Golden Axe (set 3, World, FD1094 317-0120)
goldnaxe3d	mame	Golden Axe (set 3, World, FD1094 317-0120 decrypted)
goldnaxej	mame	Golden Axe (set 4, Japan, FD1094 317-0121)
goldnaxejd	mame	Golden Axe (set 4, Japan, FD1094 317-0121 decrypted)
goldnaxeu	mame	Golden Axe (set 5, US, FD1094 317-0122)
goldnaxeud	mame	Golden Axe (set 5, US, FD1094 317-0122 decrypted)
gollygho	mame	Golly! Ghost!
gondo	mame	Gondomania (US)
gorkans	mame	Gorkans
gotcha	mame	Got-cha Mini Game Festival
gowcaizr	neogeo	Voltage Fighter - Gowcaizer / Choujin Gakuen Gowcaizer
gpilots	neogeo	Ghost Pilots (NGM-020)(NGH-020)
gpilotsh	neogeo	Ghost Pilots (NGH-020)(US)
gpilotsp	neogeo	Ghost Pilots (prototype)
gprider	mame	GP Rider (World, FD1094 317-0163) (Twin setup)
gpriderj	mame	GP Rider (Japan, FD1094 317-0161) (Twin setup)
gpriderjs	mame	GP Rider (Japan, FD1094 317-0161)
gpriders	mame	GP Rider (World, FD1094 317-0163)
gprideru	mame	GP Rider (US, FD1094 317-0162) (Twin setup)
gpriderus	mame	GP Rider (US, FD1094 317-0162)
gradius	mame	Gradius (Japan, ROM version)
gradius2	mame	Gradius II - GOFER no Yabou (Japan New ver.)
gradius2a	mame	Gradius II - GOFER no Yabou (Japan Old ver.)
gradius2b	mame	Gradius II - GOFER no Yabou (Japan Older ver.)
gradius3	mame	Gradius III (World, program code R)
gradius3a	mame	Gradius III (Asia)
gradius3j	mame	Gradius III (Japan, program code S)
gradius3js	mame	Gradius III (Japan, program code S, split)
grasspin	mame	Grasspin
gravitar	mame	Gravitar (version 3)
gravitar1	mame	Gravitar (version 1)
gravitar2	mame	Gravitar (version 2)
grdian	mame	Guardian (US)
grdians	mame	Guardians\0Denjin Makai II
grdnstrm	mame	Guardian Storm (horizontal, not encrypted)
grdnstrmg	mame	Guardian Storm (Germany)
grdnstrmj	mame	Sen Jing - Guardian Storm (Japan)
grdnstrmk	mame	Jeon Sin - Guardian Storm (Korea)
grdnstrmv	mame	Guardian Storm (vertical)
griffon	mame	Griffon (bootleg of Phoenix)
grindstm	mame	Grind Stormer
grindstma	mame	Grind Stormer (older set)
grndtour	mame	Grand Tour
grobda	mame	Grobda (New Ver.)
grobda2	mame	Grobda (Old Ver. set 1)
grobda3	mame	Grobda (Old Ver. set 2)
groundfx	mame	Ground Effects / Super Ground Effects (Japan)
growl	mame	Growl (World, Rev 1)
growla	mame	Growl (World)
growlu	mame	Growl (US)
gryzor	mame	Gryzor (Set 1)
gryzor1	mame	Gryzor (Set 2)
gseeker	mame	Grid Seeker: Project Storm Hammer (Ver 1.3O)
gseekerj	mame	Grid Seeker: Project Storm Hammer (Ver 1.3J)
gseekeru	mame	Grid Seeker: Project Storm Hammer (Ver 1.3A)
gstrik2	mame	Grand Striker 2 (Europe and Oceania)
gstrik2j	mame	Grand Striker 2 (Japan)
gt2k	mame	Golden Tee 2K (v1.00)
gt2kp100	mame	Golden Tee 2K (v1.00) (alt protection)
gt2ks100	mame	Golden Tee 2K (v1.00S)
gt2kt500	mame	Golden Tee 2K Tournament (v5.00)
gt3d	mame	Golden Tee 3D Golf (v1.93N)
gt3dl19	mame	Golden Tee 3D Golf (v1.9L)
gt3dl191	mame	Golden Tee 3D Golf (v1.91L)
gt3dl192	mame	Golden Tee 3D Golf (v1.92L)
gt3ds192	mame	Golden Tee 3D Golf (v1.92S)
gt3dt211	mame	Golden Tee 3D Golf Tournament (v2.11)
gt3dt231	mame	Golden Tee 3D Golf Tournament (v2.31)
gt3dv14	mame	Golden Tee 3D Golf (v1.4)
gt3dv15	mame	Golden Tee 3D Golf (v1.5)
gt3dv16	mame	Golden Tee 3D Golf (v1.6)
gt3dv17	mame	Golden Tee 3D Golf (v1.7)
gt3dv18	mame	Golden Tee 3D Golf (v1.8)
gt97	mame	Golden Tee '97 (v1.30)
gt97s121	mame	Golden Tee '97 (v1.21S)
gt97t240	mame	Golden Tee '97 Tournament (v2.40)
gt97t243	mame	Golden Tee '97 Tournament (v2.43)
gt97v120	mame	Golden Tee '97 (v1.20)
gt97v121	mame	Golden Tee '97 (v1.21)
gt97v122	mame	Golden Tee '97 (v1.22)
gt98	mame	Golden Tee '98 (v1.10)
gt98s100	mame	Golden Tee '98 (v1.00S)
gt98t302	mame	Golden Tee '98 Tournament (v3.02)
gt98t303	mame	Golden Tee '98 Tournament (v3.03)
gt98v100	mame	Golden Tee '98 (v1.00)
gt99	mame	Golden Tee '99 (v1.00)
gt99s100	mame	Golden Tee '99 (v1.00S)
gt99t400	mame	Golden Tee '99 Tournament (v4.00)
gtclassc	mame	Golden Tee Classic (v1.00)
gtclasscp	mame	Golden Tee Classic (v1.00) (alt protection)
gtclasscs	mame	Golden Tee Classic (v1.00S)
gtdiamond	mame	Golden Tee Diamond Edition Tournament (v3.05T ELC)
gteikoku	mame	Gingateikoku No Gyakushu
gteikokub	mame	Gingateikoku No Gyakushu (bootleg set 1)
gteikokub2	mame	Gingateikoku No Gyakushu (bootleg set 2)
gtmr	mame	1000 Miglia: Great 1000 Miles Rally (94/07/18)
gtmr2	mame	Mille Miglia 2: Great 1000 Miles Rally (95/05/24)
gtmr2a	mame	Mille Miglia 2: Great 1000 Miles Rally (95/04/04)
gtmr2u	mame	Great 1000 Miles Rally 2 USA (95/05/18)
gtmra	mame	1000 Miglia: Great 1000 Miles Rally (94/06/13)
gtmrb	mame	1000 Miglia: Great 1000 Miles Rally (94/05/26)
gtmre	mame	Great 1000 Miles Rally: Evolution Model!!! (94/09/06)
gtmro	mame	1000 Miglia: Great 1000 Miles Rally (94/05/10)
gtmrusa	mame	Great 1000 Miles Rally: U.S.A Version! (94/09/06)
gtroyal	mame	Golden Tee Royal Edition Tournament (v4.02T EDM)
gtsupreme	mame	Golden Tee Supreme Edition Tournament (v5.10T ELC S)
guiness	mame	The Guiness (Japan)
gulfstrm	mame	Gulf Storm (set 1)
gulfstrma	mame	Gulf Storm (set 2)
gulfstrmb	mame	Gulf Storm (set 3)
gulfstrmk	mame	Gulf Storm (Korea)
gulfstrmm	mame	Gulf Storm (Media Shoji)
gulfwar2	mame	Gulf War II (set 1)
gulfwar2a	mame	Gulf War II (set 2)
gumbo	mame	Gumbo
gunball	mame	Gun Ball (Japan)
gunbird	mame	Gunbird (World)
gunbird2	mame	Gunbird 2 (set 1)
gunbird2a	mame	Gunbird 2 (set 2)
gunbirdj	mame	Gunbird (Japan)
gunbirdk	mame	Gunbird (Korea)
gunbustr	mame	Gunbuster (World)
gunbustrj	mame	Gunbuster (Japan)
gunbustru	mame	Gunbuster (US)
gundamex	mame	Mobile Suit Gundam EX Revue
gundhara	mame	Gundhara
gundharac	mame	Gundhara (Chinese, bootleg?)
gundl94	mame	Gun Dealer '94
gunforc2	mame	Gunforce 2 (US)
gunforce	mame	Gunforce - Battle Fire Engulfed Terror Island (World)
gunforcej	mame	Gunforce - Battle Fire Engulfed Terror Island (Japan)
gunforceu	mame	Gunforce - Battle Fire Engulfed Terror Island (US)
gunfront	mame	Gun & Frontier (World)
gunfrontj	mame	Gun Frontier (Japan)
gunhohki	mame	Gun Hohki (Japan)
gunlock	mame	Gunlock (Ver 2.3O 1994/01/20)
gunmast	mame	Gun Master
gunnail	mame	GunNail (28th May. 1992)
gunsmoke	mame	Gun.Smoke (World, 851115)
gunsmokeb	mame	Gun.Smoke (World, 851115) (bootleg)
gunsmokej	mame	Gun.Smoke (Japan, 851115)
gunsmokeu	mame	Gun.Smoke (US, 860408)
gunsmokeua	mame	Gun.Smoke (US, 851115, set 1)
gunsmokeub	mame	Gun.Smoke (US, 851115, set 2)
gururin	neogeo	Gururin
gussun	mame	Gussun Oyoyo (Japan)
gutangtn	mame	Guttang Gottong
gutsn	mame	Guts'n (Japan)
guwange	mame	Guwange (Japan, Master Ver. 99/06/24)
guwanges	mame	Guwange (Japan, Special Ver. 00/01/01)
guzzler	mame	Guzzler
gwar	mame	Guerrilla War (US)
gwara	mame	Guerrilla War (Version 1)
gwarb	mame	Guerrilla War (Joystick hack bootleg)
gwarj	mame	Guevara (Japan)
gwarrior	mame	Galactic Warriors
gyrodine	mame	Gyrodine
gyrodinet	mame	Gyrodine (Taito Corporation license)
gyruss	mame	Gyruss (Konami)
gyrussb	mame	Gyruss (bootleg)
gyrussce	mame	Gyruss (Centuri)
hachamf	mame	Hacha Mecha Fighter (19th Sep. 1991, protected, set 1)
hachamfa	mame	Hacha Mecha Fighter (19th Sep. 1991, protected, set 2)
hachamfb	mame	Hacha Mecha Fighter (19th Sep. 1991, unprotected, boot
hachamfp	mame	Hacha Mecha Fighter (Location Test Prototype, 19th Sep
hachoo	mame	Hachoo!
hal21	mame	HAL21
hal21j	mame	HAL21 (Japan)
halfway	cps2	Halfway To Hell: Progear Red Label (2016-1-17 Red labe
hamaway	mame	Hammer Away (prototype)
hangly	mame	Hangly-Man (set 1)
hangly2	mame	Hangly-Man (set 2)
hangly3	mame	Hangly-Man (set 3)
hangon	mame	Hang-On (rev A)
hangon1	mame	Hang-On
hangon2	mame	Hang-On (ride-on)
hangonjr	mame	Hang-On Jr. Rev.B
hangzo	mame	Hangzo (Japan, prototype)
happy6	mame	Happy 6-in-1 (V102 - V101MK, China)
happy6101	mame	Happy 6-in-1 (V101 - V100MK, China)
hardhea2	mame	Hard Head 2 (v2.0)
hardhead	mame	Hard Head
hardyard	mame	Hard Yardage (v1.20)
hardyard10	mame	Hard Yardage (v1.00)
hardyard11	mame	Hard Yardage (v1.10)
hasamu	mame	Hasamu (Japan)
hatena	mame	Adventure Quiz 2 - Hatena? no Daibouken (Japan 900228)
hatris	mame	Hatris (US)
hatrisj	mame	Hatris (Japan)
hayaosi1	mame	Hayaoshi Quiz Ouza Ketteisen - The King Of Quiz
hbarrel	mame	Heavy Barrel (US)
hbarrelw	mame	Heavy Barrel (World)
hcastle	mame	Haunted Castle (ver. M)
hcastlee	mame	Haunted Castle (ver. E)
hcastlek	mame	Haunted Castle (ver. K)
hcrash	mame	Hyper Crash (version D)
hcrashc	mame	Hyper Crash (version C)
headon	mame	Head On (2 players)
headon1	mame	Head On (1 player)
headon2	mame	Head On 2
headon2s	mame	Head On 2 (Sidam bootleg)
headonb	mame	Head On (bootleg on dedicated hardware)
headonmz	mame	Head On (bootleg, alt maze)
headonn	mame	Head On N
headons	mame	Head On (Sidam bootleg, set 1)
headonsa	mame	Head On (Sidam bootleg, set 2)
hedpanic	mame	Head Panic (ver. 0117, 17/01/2000)
hedpanica	mame	Head Panic (ver. 0702, 02/07/1999)
hedpanicf	mame	Head Panic (ver. 0315, 15/03/2000)
heiankyo	mame	Heiankyo Alien
hellfire	mame	Hellfire (2P set)
hellfire1	mame	Hellfire (1P set)
hellfire1a	mame	Hellfire (1P set, older)
hellfire2a	mame	Hellfire (2P set, older)
herbiedk	mame	Herbie at the Olympics (DK conversion)
hero	mame	Hero
herodk	mame	Hero in the Castle of Doom (DK conversion)
herodku	mame	Hero in the Castle of Doom (DK conversion not encrypte
heuksun	mame	Heuk Sun Baek Sa (Korea)
hexa	mame	Hexa
hexion	mame	Hexion (Japan ver. JAB)
hexionb	mame	Hexion (Bootleg, Asia ver. AAA)
hexpool	mame	Hex Pool (Shinkai)
hexpoola	mame	Hex Pool (Senko)
hgkairak	mame	Taisen Hot Gimmick Kairakuten (Japan)
hharry	mame	Hammerin' Harry (World)
hharryu	mame	Hammerin' Harry (US)
higemaru	mame	Pirate Ship Higemaru
himesiki	mame	Himeshikibu (Japan)
hipoly	mame	Hipoly (bootleg of Hyper Olympic)
hippodrm	mame	Hippodrome (US)
hishouza	mame	Hishou Zame (Japan)
hitice	mame	Hit the Ice (US)
hiticej	mame	Hit the Ice (Japan)
hncholms	mame	Hunchback Olympic (Scramble hardware)
hoccer	mame	Hoccer (set 1)
hoccer2	mame	Hoccer (set 2)
hocrash	mame	Crash (bootleg of Head On)
holeland	mame	Hole Land (Japan)
holeland2	mame	Hole Land (Spain)
homo	mame	Homo
honeydol	mame	Honey Dolls
hook	mame	Hook (World)
hookj	mame	Hook (Japan)
hooku	mame	Hook (US)
hoops95	mame	Hoops (Europe/Asia 1.7)
hoops96	mame	Hoops '96 (Europe/Asia 2.0)
hopmappy	mame	Hopping Mappy
hopprobo	mame	Hopper Robo
horekid	mame	Kid no Hore Hore Daisakusen
horekidb	mame	Kid no Hore Hore Daisakusen (bootleg)
horizon	mame	Horizon
horshoes	mame	American Horseshoes (US)
hotbubl	mame	Hot Bubble (Korea, with adult pictures)
hotbubla	mame	Hot Bubble (Korea)
hotdebut	mame	Quiz de Idol! Hot Debut (Japan)
hotdogst	mame	Hotdog Storm - The First Supersonics (korea)
hotgm4ev	mame	Taisen Hot Gimmick 4 Ever (Japan)
hotgmck	mame	Taisen Hot Gimmick (Japan)
hotgmck3	mame	Taisen Hot Gimmick 3 Digital Surfing (Japan)
hotgmcki	mame	Mahjong Hot Gimmick Integral (Japan)
hotmemry	mame	Hot Memory (V1.2, Germany, 12/28/94)
hotmemry11	mame	Hot Memory (V1.1, Germany, 11/30/94)
hotmind	mame	Hot Mind (Hard Times hardware)
hotpinbl	mame	Hot Pinball
hotshock	mame	Hot Shocker
hotshockb	mame	Hot Shocker (bootleg)
hpolym84	mame	Hyper Olympic '84
hpuncher	mame	Hard Puncher (Japan)
hsf2	cps2	Hyper Street Fighter II: The Anniversary Edition (0402
hsf2a	cps2	Hyper Street Fighter II: The Anniversary Edition (0402
hsf2d	cps2	Hyper Street Fighter II: The Anniversary Edition (0402
hsf2da	cps2	Hyper Street Fighter II: The Anniversary Edition (0402
hsf2j	cps2	Hyper Street Fighter II: The Anniversary Edition (0402
hsf2j1	cps2	Hyper Street Fighter II: The Anniversary Edition (0312
htchctch	mame	Hatch Catch
hthero	mame	Hat Trick Hero (Japan)
hthero93	mame	Hat Trick Hero '93 (Ver 1.0J 1993/02/28)
hthero93u	mame	Hat Trick Hero '93 (Ver 1.0A 1993/02/28)
hthero94	mame	Hat Trick Hero '94 (Ver 2.2A 1994/05/26)
hthero95	mame	Hat Trick Hero '95 (Ver 2.5J 1994/11/03)
hthero95a	mame	Hat Trick Hero '95 (Ver 2.6Asia 1994/11/17)
hthero95u	mame	Hat Trick Hero '95 (Ver 2.5A 1994/11/03)
hunchbak	mame	Hunchback (set 1)
hunchbkd	mame	Hunchback (DK conversion)
hunchbkg	mame	Hunchback (Galaxian hardware)
hunchbks	mame	Hunchback (Scramble hardware)
huncholy	mame	Hunchback Olympic
hustle	mame	Hustle
hustler	mame	Video Hustler
hustlerb	mame	Video Hustler (bootleg)
hvymetal	mame	Heavy Metal (315-5135)
hvysmsh	mame	Heavy Smash (Europe version -2)
hvysmsha	mame	Heavy Smash (Asia version -4)
hvysmshj	mame	Heavy Smash (Japan version -2)
hvyunit	mame	Heavy Unit (World)
hvyunitj	mame	Heavy Unit (Japan, Newer)
hvyunitjo	mame	Heavy Unit (Japan, Older)
hvyunitu	mame	Heavy Unit -U.S.A. Version- (US)
hwchamp	mame	Heavyweight Champ
hwchampj	mame	Heavyweight Champ (Japan, FD1094 317-0046)
hwchampjd	mame	Heavyweight Champ (Japan, FD1094 317-0046 decrypted)
hwrace	mame	High Way Race
hydra	mame	Hydra
hydrap	mame	Hydra (prototype 5/14/90)
hyperpac	mame	Hyper Pacman
hyperpacb	mame	Hyper Pacman (bootleg)
hyperspc	mame	Hyperspace (bootleg of Asteroids)
hyperspt	mame	Hyper Sports
hypersptb	mame	Hyper Sports (bootleg)
hypreac2	mame	Mahjong Hyper Reaction 2 (Japan)
hypreact	mame	Mahjong Hyper Reaction (Japan)
hyprolym	mame	Hyper Olympic
hyprolymb	mame	Hyper Olympic (bootleg, set 1)
hyprolymba	mame	Hyper Olympic (bootleg, set 2)
hypsptsp	mame	Hyper Sports Special (Japan)
iganinju	mame	Iga Ninjyutsuden (Japan)
igmo	mame	IGMO
ikari	mame	Ikari Warriors (US JAMMA)
ikari3	mame	Ikari III - The Rescue (8-Way Joystick)
ikari3j	mame	Ikari Three - The Rescue (Japan, Rotary Joystick)
ikari3k	mame	Ikari III - The Rescue (Korea, 8-Way Joystick)
ikari3u	mame	Ikari III - The Rescue (US, Rotary Joystick)
ikaria	mame	Ikari Warriors (US, set 1)
ikaria2	mame	Ikari Warriors (US, set 2)
ikarijp	mame	Ikari (Japan No Continues)
ikarijpb	mame	Ikari (Joystick hack bootleg)
ikarinc	mame	Ikari Warriors (US No Continues)
ikariram	mame	Rambo 3 (bootleg of Ikari, Joystick hack)
ikki	mame	Ikki (Japan)
imago	mame	Imago (cocktail set)
imagoa	mame	Imago (no cocktail set)
imgfight	mame	Image Fight (Japan, revision A)
imgfightj	mame	Image Fight (Japan)
imsorry	mame	I'm Sorry (315-5110, US)
imsorryj	mame	Gonbee no I'm Sorry (315-5110, Japan)
insectx	mame	Insector X (World)
insectxj	mame	Insector X (Japan)
intcup94	mame	International Cup '94 (Ver 2.2O 1994/05/26)
inthunt	mame	In The Hunt (World)
inthuntu	mame	In The Hunt (US)
intrepid	mame	Intrepid (set 1)
intrepid2	mame	Intrepid (set 2)
intrepidb	mame	Intrepid (Elsys bootleg, set 1)
intrepidb2	mame	Intrepid (Loris bootleg)
intrepidb3	mame	Intrepid (Elsys bootleg, set 2)
inttoote	mame	International Toote (Germany)
inttootea	mame	International Toote II (World?)
invaders	mame	Space Invaders / Space Invaders M
invds	mame	Invinco / Deep Scan
invho2	mame	Invinco / Head On 2
invinco	mame	Invinco
inyourfa	mame	In Your Face (North America, prototype)
iqblock	mame	IQ-Block
ironclad	neogeo	Choutetsu Brikin'ger - Iron clad (Prototype)
ironclado	neogeo	Choutetsu Brikin'ger - Iron clad (Prototype, older)
ironhors	mame	Iron Horse
irrmaze	neogeo	The Irritating Maze / Ultra Denryu Iraira Bou
isgsm	mame	ISG Selection Master Type 2006 System BIOS
itaten	mame	Itazura Tenshi (Japan)
ixion	mame	Ixion (prototype)
jack	mame	Jack the Giantkiller (set 1)
jack2	mame	Jack the Giantkiller (set 2)
jack3	mame	Jack the Giantkiller (set 3)
jackal	mame	Jackal (World, 8-way Joystick)
jackalbl	mame	Jackal (bootleg, Rotary Joystick)
jackalj	mame	Tokushu Butai Jackal (Japan, 8-way Joystick)
jackalr	mame	Jackal (World, Rotary Joystick)
jailbrek	mame	Jail Break
jailbrekb	mame	Jail Break (bootleg)
janjans1	mame	Lovely Pop Mahjong JangJang Shimasho (Japan)
janjans2	mame	Lovely Pop Mahjong JangJang Shimasho 2 (Japan)
janshin	neogeo	Jyanshin Densetsu - Quest of Jongmaster
jchan	mame	Jackie Chan - The Kung-Fu Master
jchan2	mame	Jackie Chan in Fists of Fire
jcross	mame	Jumping Cross
jdreddp	mame	Judge Dredd (rev TA1 7/12/92, location test)
jedi	mame	Return of the Jedi
jigkmgri	mame	Jigoku Meguri (Japan)
jigkmgria	mame	Jigoku Meguri (Japan, hack?)
jin	mame	Jin
jitsupro	mame	Jitsuryoku!! Pro Yakyuu (Japan)
jjack	mame	Jumping Jack
jjparad2	mame	Jan Jan Paradise 2
jjparads	mame	Jan Jan Paradise
jjsquawk	mame	J. J. Squawkers
jjsquawkb	mame	J. J. Squawkers (bootleg)
jjsquawkb2	mame	J. J. Squawkers (bootleg, Blandia conversion)
jjsquawko	mame	J. J. Squawkers (older)
jockeyc	mame	Jockey Club
jockeygp	neogeo	Jockey Grand Prix (set 1)
jockeygpa	neogeo	Jockey Grand Prix (set 2)
joemac	mame	Tatakae Genshizin Joe & Mac (Japan ver 1)
joemacr	mame	Joe & Mac Returns (World, Version 1.1, 1994.05.27)
joemacra	mame	Joe & Mac Returns (World, Version 1.0, 1994.05.19)
joemacrj	mame	Joe & Mac Returns (Japan, Version 1.2, 1994.06.06)
joinem	mame	Joinem
jojo	cps3	JoJo's Venture / JoJo no Kimyou na Bouken (USA 990128)
jojoba	cps3	JoJo's Bizarre Adventure: Heritage for the Future / Jo
jojoban	cps3	JoJo's Bizarre Adventure: Heritage for the Future / Jo
jojobane	cps3	JoJo's Bizarre Adventure: Heritage for the Future / Jo
jojobaner1	cps3	JoJo's Bizarre Adventure: Heritage for the Future / Jo
jojobanr1	cps3	JoJo's Bizarre Adventure: Heritage for the Future / Jo
jojobar1	cps3	JoJo's Bizarre Adventure: Heritage for the Future / Jo
jojoj	cps3	JoJo's Venture / JoJo no Kimyou na Bouken (Japan 99012
jojojr1	cps3	JoJo's Venture / JoJo no Kimyou na Bouken (Japan 99010
jojojr2	cps3	JoJo's Venture / JoJo no Kimyou na Bouken (Japan 98120
jojon	cps3	JoJo's Venture / JoJo no Kimyou na Bouken (Asia 990128
jojonr1	cps3	JoJo's Venture / JoJo no Kimyou na Bouken (Asia 990108
jojonr2	cps3	JoJo's Venture / JoJo no Kimyou na Bouken (Asia 981202
jojor1	cps3	JoJo's Venture / JoJo no Kimyou na Bouken (USA 990108)
jojor2	cps3	JoJo's Venture / JoJo no Kimyou na Bouken (USA 981202)
jollyjgr	mame	Jolly Jogger
jongpute	mame	Jongputer
journey	mame	Journey
joust	mame	Joust (White/Green label)
joustr	mame	Joust (Solid Red label)
joustwr	mame	Joust (White/Red label)
joyfulr	mame	Joyful Road (Japan)
joyjoy	neogeo	Puzzled / Joy Joy Kid (NGM-021)(NGH-021)
joyman	mame	Joyman
jpopnics	mame	Jumping Pop (Nics, Korean bootleg of Plump Pop)
jrking	mame	Junior King (bootleg of Donkey Kong Jr.)
jrpacman	mame	Jr. Pac-Man (11/9/83)
jrpacmanf	mame	Jr. Pac-Man (speedup hack)
jsk	mame	Joryuu Syougi Kyoushitsu (Japan)
jt104	mame	JT-104 (title screen modification of Rad Action)
juju	mame	JuJu Densetsu (Japan)
jujub	mame	JuJu Densetsu (Playmark bootleg)
jujuba	mame	JuJu Densetsu (Japan, bootleg)
jumpbug	mame	Jump Bug
jumpbugb	mame	Jump Bug (bootleg)
jumpcoas	mame	Jump Coaster (World)
jumpcoasa	mame	Jump Coaster
jumpcoast	mame	Jump Coaster (Taito)
jumping	mame	Jumping (set 1)
jumpinga	mame	Jumping (set 2)
jumpingi	mame	Jumping (set 3, Imnoe PCB)
jumpkids	mame	Jump Kids
jumpkun	mame	Jump Kun (prototype)
jumppop	mame	Jumping Pop (set 1)
jumppope	mame	Jumping Pop (set 2)
jumpshot	mame	Jump Shot
jumpshotp	mame	Jump Shot Engineering Sample
jungleby	mame	Jungle Boy (bootleg)
jungleh	mame	Jungle Hunt (US)
junglehbr	mame	Jungle Hunt (Brazil)
junglek	mame	Jungle King (Japan)
junglekas	mame	Jungle King (alternate sound)
junglekj2	mame	Jungle King (Japan, earlier)
jungler	mame	Jungler
junofrst	mame	Juno First
junofrstg	mame	Juno First (Gottlieb)
jyangoku	cps2	Jyangokushi  -Haoh no Saihai- (990527 Japan)
kabukikl	neogeo	Far East of Eden - Kabuki Klash / Tengai Makyou - Shin
kabukiz	mame	Kabuki-Z (World)
kabukizj	mame	Kabuki-Z (Japan)
kageki	mame	Kageki (World)
kagekih	mame	Kageki (hack)
kagekij	mame	Kageki (Japan)
kagekiu	mame	Kageki (US)
kaiserkn	mame	Kaiser Knuckle (Ver 2.1O 1994/07/29)
kaiserknj	mame	Kaiser Knuckle (Ver 2.1J 1994/07/29)
kaitei	mame	Kaitei Takara Sagashi
kaiteids	mame	Kaitei Daisensou (Japan)
kaitein	mame	Kaitei Takara Sagashi (Namco license)
kamakazi3	mame	Kamakazi III (superg hack)
kamenrid	mame	Masked Riders Club Battle Race
kamikcab	mame	Kamikaze Cabbie
kangaroo	mame	Kangaroo
kangarooa	mame	Kangaroo (Atari)
kangaroob	mame	Kangaroo (bootleg)
karatblz	mame	Karate Blazers (World, set 1)
karatblza	mame	Karate Blazers (World, set 2)
karatblzj	mame	Toushin Blazers (Japan, Tecmo license)
karatblzt	mame	Karate Blazers (World, Tecmo license)
karatblzu	mame	Karate Blazers (US)
karatedo	mame	Karate Dou (Japan)
karatevs	mame	Taisen Karate Dou (Japan VS version)
karatour	mame	The Karate Tournament
karatourj	mame	The Karate Tournament (Japan)
karianx	mame	Karian Cross (Rev. 1.0)
karnov	mame	Karnov (US, rev 6)
karnova	mame	Karnov (US, rev 5)
karnovj	mame	Karnov (Japan)
karnovr	neogeo	Karnov's Revenge / Fighter's History Dynamite
kazan	mame	Ninja Kazan (World)
kbash	mame	Knuckle Bash
kbash2	mame	Knuckle Bash 2 (bootleg)
kbashk	mame	Knuckle Bash (Korean PCB)
kchamp	mame	Karate Champ (US)
kchampvs	mame	Karate Champ (US VS version, set 1)
kchampvs2	mame	Karate Champ (US VS version, set 2)
keithlcy	mame	Dramatic Adventure Quiz Keith & Lucy (Japan)
kengo	mame	Ken-Go (set 1)
kengoa	mame	Ken-Go (set 2)
kenseim	cps1	Ken Sei Mogura: Street Fighter II (Japan 940418, Ver 1
keroppi	mame	Kero Kero Keroppi's Let's Play Together (USA, Version
keroppij	mame	Kero Kero Keroppi no Issyoni Asobou (Japan)
ket	mame	Ketsui Kizuna Jigoku Tachi (Revision 2?, Japan)
ket1	mame	Ketsui Kizuna Jigoku Tachi (Revision 2? alt, Japan)
keta	mame	Ketsui Kizuna Jigoku Tachi (Revision 1?, Japan)
ketarr	mame	Ketsui Kizuna Jigoku Tachi (Arrange Mode version 1.7,
ketarr10	mame	Ketsui Kizuna Jigoku Tachi (Arrange Mode version 1.0,
ketarr15	mame	Ketsui Kizuna Jigoku Tachi (Arrange Mode version 1.5,
ketarr151	mame	Ketsui Kizuna Jigoku Tachi (Arrange Mode version 1.51,
ketarrf	mame	Ketsui Kizuna Jigoku Tachi (Fast version, hack by Trap
ketarrs15	mame	Ketsui Kizuna Jigoku Tachi (MR. Stoic version 1.5, hac
ketarrs151	mame	Ketsui Kizuna Jigoku Tachi (MR. Stoic version 1.51, ha
ketb	mame	Ketsui Kizuna Jigoku Tachi (Original?, Japan)
ketbl	mame	Ketsui Kizuna Jigoku Tachi (2003/01/01. Master Ver., b
kf10thep	neogeo	The King of Fighters 10th Anniversary Extra Plus (boot
kf2k1pa	neogeo	The King of Fighters 2001 Plus (set 2, bootleg / hack)
kf2k1pls	neogeo	The King of Fighters 2001 Plus (set 1, bootleg / hack)
kf2k2mp	neogeo	The King of Fighters 2002 Magic Plus (bootleg)
kf2k2mp2	neogeo	The King of Fighters 2002 Magic Plus II (bootleg)
kf2k2pla	neogeo	The King of Fighters 2002 Plus (bootleg set 2)
kf2k2plb	neogeo	The King of Fighters 2002 Plus (bootleg set 3)
kf2k2plc	neogeo	The King of Fighters 2002 Super (bootleg)
kf2k2pls	neogeo	The King of Fighters 2002 Plus (bootleg set 1)
kf2k2ps2	neogeo	The King of Fighters 2002 (PlayStation 2 ver 0.4, EGHT
kf2k3bl	neogeo	The King of Fighters 2003 (bootleg set 1)
kf2k3bla	neogeo	The King of Fighters 2003 (bootleg set 2)
kf2k3pcb	neogeo	The King of Fighters 2003 (Japan, JAMMA PCB)
kf2k3pl	neogeo	The King of Fighters 2004 Plus / Hero (bootleg)
kf2k3upl	neogeo	The King of Fighters 2004 Ultra Plus (bootleg)
kf2k4pls	neogeo	The King of Fighters Special Edition 2004 Plus (bootle
kf2k5uni	neogeo	The King of Fighters 10th Anniversary 2005 Unique (boo
kftgoal	mame	Kick for the Goal
kick	mame	Kick (upright)
kickboy	mame	Kick Boy
kickc	mame	Kick (cocktail)
kicker	mame	Kicker
kickman	mame	Kickman (upright)
kicknrun	mame	Kick and Run (World)
kicknrunu	mame	Kick and Run (US)
kickoff	mame	Kick Off (Japan)
kickridr	mame	Kick Rider
kidniki	mame	Kid Niki - Radical Ninja (World)
kidnikiu	mame	Kid Niki - Radical Ninja (US)
kikcubic	mame	Meikyu Jima (Japan)
kikcubicb	mame	Kickle Cubele
kikikai	mame	KiKi KaiKai
kikstart	mame	Kick Start - Wheelie King
killbld	mame	The Killing Blade (V109, China)
killbld104	mame	The Killing Blade (V104)
killbldp	mame	The Killing Blade Plus (V300)
kingball	mame	King & Balloon (US)
kingballj	mame	King & Balloon (Japan)
kingdmgp	mame	Kingdom Grandprix (World)
kinst	mame	Killer Instinct (ROM ver. 1.5d)
kinst13	mame	Killer Instinct (ROM ver. 1.3)
kinst14	mame	Killer Instinct (ROM ver. 1.4)
kinst15ai	mame	Killer Instinct (ROM ver. 1.5 AnyIDE)
kinst2	mame	Killer Instinct II (ROM ver. 1.4)
kinst210	mame	Killer Instinct II (ROM ver. 1.0)
kinst211	mame	Killer Instinct II (ROM ver. 1.1)
kinst213	mame	Killer Instinct II (ROM ver. 1.3)
kinst214ai	mame	Killer Instinct II (ROM ver. 1.4 AnyIDE)
kinstp47	mame	Killer Instinct (ROM proto ver. 4.7)
kirameki	mame	Kirameki Star Road (Ver 2.10J 1997/08/29)
kittenk	mame	Kitten Kaboodle
kiwame	mame	Pro Mahjong Kiwame
kizuna	neogeo	Kizuna Encounter - Super Tag Battle / Fu'un Super Tag
klax	mame	Klax (set 1)
klax4	mame	Klax (version 4)
klax5	mame	Klax (version 5)
klax5bl	mame	Klax (version 5, bootleg set 1)
klaxd2	mame	Klax (Germany, version 2)
klaxj3	mame	Klax (Japan, version 3)
kncljoe	mame	Knuckle Joe (set 1)
kncljoea	mame	Knuckle Joe (set 2)
knightb	mame	Knight Boy
knights	cps1	Knights of the Round (911127 etc)
knightsb	cps1	Knights of the Round (bootleg set 1 (with YM2151 + 2xM
knightsb2	cps1	Knights of the Round (bootleg set 2, 911127 etc)
knightsb3	cps1	Knights of the Round (bootleg set 3, 911127 Japan)
knightsb4	cps1	Knights of the Round (bootleg set 4 (with YM2151 + 2xM
knightsh	cps1	Knights of the Round (hack set 1)
knightsh2	cps1	Knights of the Round (hack set 2, 911127 etc)
knightsj	cps1	Knights of the Round (911127 Japan, B-Board 91634B-2)
knightsja	cps1	Knights of the Round (911127 Japan, B-Board 89625B-1)
knightsu	cps1	Knights of the Round (911127 USA)
knockout	mame	Knock Out!!
kod	cps1	The King of Dragons (910805 etc)
kodb	cps1	The King of Dragons (bootleg, 910731 etc)
kodda	cps1	The King of Dragons (Phoenix bootleg, 910731 etc)
kodh	cps1	The King of Dragons (hack)
kodj	cps1	The King of Dragons (Japan 910805, B-Board 90629B-3)
kodja	cps1	The King of Dragons (Japan 910805, B-Board 89625B-1)
kodr1	cps1	The King of Dragons (910711 etc)
kodr2	cps1	The King of Dragons (910731 etc)
kodu	cps1	The King of Dragons (US 910910)
kof10th	neogeo	The King of Fighters 10th Anniversary (bootleg)
kof10thd	mame	Kof 10th Anniversary (The King of Fighters 2002 bootle
kof2000	neogeo	The King of Fighters 2000 (NGM-2570) (NGH-2570)
kof2000n	neogeo	The King of Fighters 2000 (not encrypted)
kof2000ps2	neogeo	The King of Fighters 2000 (Playstation 2 ver. , EGHT h
kof2001	neogeo	The King of Fighters 2001 (NGM-262?)
kof2001h	neogeo	The King of Fighters 2001 (NGH-2621)
kof2002	neogeo	The King of Fighters 2002 (NGM-2650)(NGH-2650)
kof2002b	neogeo	The King of Fighters 2002 (bootleg)
kof2003	neogeo	The King of Fighters 2003 (NGM-2710)
kof2003h	neogeo	The King of Fighters 2003 (NGH-2710)
kof2k2omg	mame	Kof2002 (hack omg)
kof2k2omg8	mame	Kof2002 (Omega v0.8)
kof2k2omg9	mame	Kof2002 (Omega v0.9)
kof2k2omg9b	mame	Kof2002 (Omega v0.9 beta)
kof2k4se	neogeo	The King of Fighters Special Edition 2004 (bootleg)
kof94	neogeo	The King of Fighters '94 (NGM-055)(NGH-055)
kof95	neogeo	The King of Fighters '95 (NGM-084)
kof95a	neogeo	The King of Fighters '95 (NGH-084, alternate board)
kof95h	neogeo	The King of Fighters '95 (NGH-084)
kof95sp	neogeo	The King of Fighters '95 (Special 2017, hack)
kof96	neogeo	The King of Fighters '96 (NGM-214)
kof96a	neogeo	The King of Fighters '96 (NGM-214, alternate board)
kof96ae	neogeo	The King of Fighters '96 (Anniversary Edition, EGHT ha
kof96ae20	neogeo	The King of Fighters '96 (Anniversary Edition 2.0.0430
kof96cn	neogeo	The King of Fighters '96 (Chinese Edition ver 1.0, hac
kof96ep	neogeo	The King of Fighters '96 (bootleg / hack)
kof96h	neogeo	The King of Fighters '96 (NGH-214)
kof97	neogeo	The King of Fighters '97 (NGM-2320)
kof97cn	neogeo	The King of Fighters '97 (10th Anniversary Chinese Edi
kof97h	neogeo	The King of Fighters '97 (NGH-2320)
kof97k	neogeo	The King of Fighters '97 (Korean release)
kof97oro	neogeo	The King of Fighters '97 oroshi plus 2003
kof97pla	neogeo	The King of Fighters '97 Plus 2003 (bootleg / hack)
kof97pls	neogeo	The King of Fighters '97 Plus (bootleg)
kof97xt	neogeo	The King of Fighters '97 - Final Battle (hack)
kof98	neogeo	The King of Fighters '98 - The Slugfest / King of Figh
kof98a	neogeo	The King of Fighters '98 - The Slugfest / King of Figh
kof98ae	neogeo	The King of Fighters '98 (Anniversary Edition, EGHT ha
kof98ae2016	neogeo	The King of Fighters '98 (Anniversary Edition build 1.
kof98cb	neogeo	The King of Fighters '98 (Combo, hack)
kof98h	neogeo	The King of Fighters '98 - The Slugfest / King of Figh
kof98k	neogeo	The King of Fighters '98 - The Slugfest / King of Figh
kof98ka	neogeo	The King of Fighters '98 - The Slugfest / King of Figh
kof98mix	mame	Kof'98 Mix (2011-10-01)
kof98pfe	mame	Kof'98 (Plus Final Edition)(2017-07-23)(Korean board)
kof99	neogeo	The King of Fighters '99 - Millennium Battle (NGM-2510
kof99ae	neogeo	The King of Fighters '99 Anniversary Edition (hack)
kof99e	neogeo	The King of Fighters '99 - Millennium Battle (earlier)
kof99h	neogeo	The King of Fighters '99 - Millennium Battle (NGH-2510
kof99k	neogeo	The King of Fighters '99 - Millennium Battle (Korean r
kof99ka	neogeo	The King of Fighters '99 - Millennium Battle (Korean r
kof99p	neogeo	The King of Fighters '99 - Millennium Battle (prototyp
kog	neogeo	King of Gladiator (The King of Fighters '97 bootleg)
kogplus	neogeo	King of Gladiator Plus (The King of Fighters '97 bootl
koikois2	mame	Koi Koi Shimasho 2 - Super Real Hanafuda (Japan)
konami88	mame	Konami '88
konamigt	mame	Konami GT
kong	mame	Kong (Donkey Kong conversion on Galaxian hardware)
kontest	mame	Konami Test Board (GX800, Japan)
korokoro	mame	Koro Koro Quest (Japan)
korosuke	mame	Korosuke Roller
koshien	mame	Ah Eikou no Koshien (Japan)
kotm	neogeo	King of the Monsters (set 1)
kotm2	neogeo	King of the Monsters 2 - The Next Thing (NGM-039)(NGH-
kotm2a	neogeo	King of the Monsters 2 - The Next Thing (older)
kotm2p	neogeo	King of the Monsters 2 - The Next Thing (prototype)
kotmh	neogeo	King of the Monsters (set 2)
kov	mame	Knights of Valour - Sangoku Senki (V117)
kov111	mame	Knights of Valour - Sangoku Senki (V111, Japan)
kov114	mame	Knights of Valour - Sangoku Senki (V114, Hong Kong)
kov115	mame	Knights of Valour - Sangoku Senki (V115)
kov2	mame	Knights of Valour 2 (V107, 102, 100, Hong Kong)
kov2100	mame	Knights of Valour 2 (V100, 100, 100, Hong Kong)
kov2101	mame	Knights of Valour 2 (V101, 101, 100, Hong Kong)
kov2102	mame	Knights of Valour 2 (V102, 101, 100, Hong Kong)
kov2103	mame	Knights of Valour 2 (V103, 101, 100, Hong Kong)
kov2104	mame	Knights of Valour 2 (V104, 102, 100, Hong Kong)
kov2106	mame	Knights of Valour 2 (V106, 102, 100 Hong Kong)
kov2p	mame	Knights of Valour 2 Plus - Nine Dragons (VM205XX, Chin
kov2p200	mame	Knights of Valour 2 Plus - Nine Dragons (VM200XX)
kov2p202	mame	Knights of Valour 2 Plus - Nine Dragons (VM202XX)
kov2p204	mame	Knights of Valour 2 Plus - Nine Dragons (VM204XX)
kovassg	mame	Knights of Valour: Ao Shi San Guo / Sangoku Senki: Ao
kovlsjb	mame	Knights of Valour: Luan Shi Jie Ba / Sangoku Senki: Lu
kovlsjba	mame	Knights of Valour: Luan Shi Jie Ba / Sangoku Senki: Lu
kovlsqh	mame	Knights of Valour: Luan Shi Quan Huang / Sangoku Senki
kovlsqh2	mame	Knights of Valour: Luan Shi Quan Huang II / Sangoku Se
kovlsqh2d	mame	Knights of Valour: Luan Shi Quan Huang / Sangoku Senki
kovlsqhd	mame	Knights of Valour: Luan Shi Quan Huang / Sangoku Senki
kovplus	mame	Knights of Valour Plus - Sangoku Senki Plus (V119)
kovplusa	mame	Knights of Valour Plus - Sangoku Senki Plus (V119 alt)
kovqhsgs	mame	Knights of Valour: Quan Huang San Guo Special / Sangok
kovqhsgsa	mame	Knights of Valour: Quan Huang San Guo Special / Sangok
kovsgqyz	mame	Knights of Valour: SanGuo QunYingZhuan / Sangoku Senki
kovsgqyza	mame	Knights of Valour: SanGuo QunYingZhuan / Sangoku Senki
kovsgqyzb	mame	Knights of Valour: SanGuo QunYingZhuan / Sangoku Senki
kovsgqyzc	mame	Knights of Valour: SanGuo QunYingZhuan / Sangoku Senki
kovsh	mame	Knights of Valour Superheroes / Sangoku Senki Superher
kovsh100	mame	Knights of Valour Superheroes / Sangoku Senki Superher
kovsh101	mame	Knights of Valour Superheroes / Sangoku Senki Superher
kovsh102	mame	Knights of Valour Superheroes / Sangoku Senki Superher
kovsh103	mame	Knights of Valour Superheroes / Sangoku Senki Superher
kovshb	mame	Knights of Valour Superheroes / Sangoku Senki Superher
kovshp	mame	Knights of Valour Super Heroes Plus / Sangoku Senki Su
kovshpa	mame	Knights of Valour Super Heroes Plus / Sangoku Senki Su
kovshxas	mame	Knights of Valour: Ao Shi San Guo / Sangoku Senki: Ao
kovytzy	mame	Knights of Valour: Yi Tong Zhong Yuan / Sangoku Senki:
kozure	mame	Kozure Ookami (Japan)
kram	mame	Kram (set 1)
kram2	mame	Kram (set 2)
kroozr	mame	Kozmik Kroozr
krzybowl	mame	Krazy Bowl
ksayakyu	mame	Kusayakyuu
ktiger	mame	Kyukyoku Tiger (Japan)
ktiger2	mame	Kyukyoku Tiger II (Ver 2.1J 1995/11/30)
kuhga	mame	Kuhga - Operation Code 'Vapor Trail' (Japan revision 3
kungfub	mame	Kung-Fu Master (bootleg set 1)
kungfub2	mame	Kung-Fu Master (bootleg set 2)
kungfub3	mame	Kung-Fu Master (bootleg set 3)
kungfum	mame	Kung-Fu Master
kungfumd	mame	Kung-Fu Master (Data East)
kungfut	mame	Kung-Fu Taikun
kungfuta	mame	Kung-Fu Taikun (alt)
kuniokun	mame	Nekketsu Kouha Kunio-kun (Japan)
kuniokunb	mame	Nekketsu Kouha Kunio-kun (Japan bootleg)
kurikint	mame	Kuri Kinton (World)
kurikinta	mame	Kuri Kinton (World, prototype?)
kurikintj	mame	Kuri Kinton (Japan)
kurikintu	mame	Kuri Kinton (US)
kyros	mame	Kyros
kyrosj	mame	Kyros No Yakata (Japan)
kyukaidk	mame	Kyuukai Douchuuki (Japan, new version (Rev B))
kyukaidko	mame	Kyuukai Douchuuki (Japan, old version)
kyustrkr	mame	Last Striker / Kyuukyoku no Striker
labyrunr	mame	Labyrinth Runner (Japan)
labyrunrk	mame	Labyrinth Runner (World Ver. K)
ladybug	mame	Lady Bug
ladybugb	mame	Lady Bug (bootleg set 1)
ladybugb2	mame	Coccinelle (bootleg of Lady Bug, set 2)
ladybugg	mame	Lady Bug (bootleg on Galaxian hardware)
ladykill	mame	Lady Killer
ladymstr	mame	Lady Master of Kung Fu (set 1, newer)
ladymstr2	mame	Lady Master of Kung Fu (set 2, older)
lagirl	mame	LA Girl
landmakr	mame	Land Maker (Ver 2.02O 1998/06/02)
landmakrj	mame	Land Maker (Ver 2.01J 1998/06/01)
landmakrp	mame	Land Maker (Ver 2.02O 1998/06/02) (Prototype)
lans2004	neogeo	Lansquenet 2004 (Shock Troopers - 2nd Squad bootleg)
lasso	mame	Lasso
lastblad	neogeo	The Last Blade / Bakumatsu Roman - Gekka no Kenshi (NG
lastblada	neogeo	The Last Blade / Bakumatsu Roman - Gekka no Kenshi (NG
lastbladh	neogeo	The Last Blade / Bakumatsu Roman - Gekka no Kenshi (NG
lastbladsp	neogeo	The Last Blade / Bakumatsu Roman - Gekka no Kenshi (Sp
lastbld2	neogeo	The Last Blade 2 / Bakumatsu Roman - Dai Ni Maku Gekka
lastbld2eh	neogeo	The Last Blade 2 / Bakumatsu Roman - Dai Ni Maku Gekka
lastday	mame	The Last Day (set 1)
lastdaya	mame	The Last Day (set 2)
lastduel	mame	Last Duel (US New Ver.)
lastduelb	mame	Last Duel (bootleg)
lastduelj	mame	Last Duel (Japan)
lastduelo	mame	Last Duel (US Old Ver.)
lastfort	mame	Last Fortress - Toride
lastforte	mame	Last Fortress - Toride (Erotic, Rev C)
lastfortea	mame	Last Fortress - Toride (Erotic, Rev A)
lastfortg	mame	Last Fortress - Toride (German)
lastfortk	mame	Last Fortress - Toride (Korea)
lasthope	neogeo	Last Hope (bootleg AES to MVS conversion, no coin supp
lastkm	mame	Last KM (Ver 1.0.0275)
lastmisn	mame	Last Mission (World revision 8)
lastmisnj	mame	Last Mission (Japan)
lastmisnu5	mame	Last Mission (US revision 5)
lastmisnu6	mame	Last Mission (US revision 6)
lastsold	neogeo	The Last Soldier (Korean release of The Last Blade)
lastsurv	mame	Last Survivor (FD1094 317-0083)
lastsurvd	mame	Last Survivor (FD1094 317-0083 decrypted)
lbowling	neogeo	League Bowling (NGM-019)(NGH-019)
ldrun	mame	Lode Runner (set 1)
ldrun2	mame	Lode Runner II - The Bungeling Strikes Back
ldrun3	mame	Lode Runner III - The Golden Labyrinth
ldrun3j	mame	Lode Runner III - Majin No Fukkatsu
ldrun4	mame	Lode Runner IV - Teikoku Karano Dasshutsu
ldruna	mame	Lode Runner (set 2)
leaguemn	mame	Yakyuu Kakutou League-Man (Japan)
leds2011	mame	Led Storm Rally 2011 (World)
leds2011u	mame	Led Storm Rally 2011 (US)
ledstorm	mame	Led Storm (US)
legend	mame	Legend
legendos	neogeo	Legend of Success Joe / Ashitano Joe Densetsu
legion	mame	Legion - Spinner-87 (World ver 2.03)
legionj	mame	Chouji Meikyuu Legion (Japan ver 1.05)
legionjb	mame	Chouji Meikyuu Legion (Japan ver 1.05, bootleg)
legofair	mame	Koukuu Kihei Monogatari - The Legend of Air Cavalry (J
lemmings	mame	Lemmings (US prototype)
lethalen	mame	Lethal Enforcers (ver UAE, 11/19/92 15:04)
lethaleneaa	mame	Lethal Enforcers (ver EAA, 09/09/92 09:44)
lethaleneab	mame	Lethal Enforcers (ver EAB, 10/14/92 19:53)
lethaleneae	mame	Lethal Enforcers (ver EAE, 11/19/92 16:24)
lethalenj	mame	Lethal Enforcers (ver JAD, 12/04/92 17:16)
lethalenua	mame	Lethal Enforcers (ver UAA, 08/17/92 21:38)
lethalenub	mame	Lethal Enforcers (ver UAB, 09/01/92 11:12)
lethalenux	mame	Lethal Enforcers (ver unknown, US, 08/06/92 15:11, hac
lethalth	mame	Lethal Thunder (World)
levers	mame	Levers
lghost	mame	Laser Ghost (World, 317-0166)
lghostd	mame	Laser Ghost (World, 317-0166 decrypted)
lghostj	mame	Laser Ghost (Japan, 317-0164)
lghostu	mame	Laser Ghost (US, 317-0165)
lghostud	mame	Laser Ghost (US, 317-0165 decrypted)
lgtnfght	mame	Lightning Fighters (World)
lgtnfghta	mame	Lightning Fighters (Asia)
lgtnfghtu	mame	Lightning Fighters (US)
lhcdb	neogeo	Last Hope CD Beta (Neo CD conversion)
liberate	mame	Liberation
liblrabl	mame	Libble Rabble
lifefrce	mame	Lifeforce (US)
lifefrcej	mame	Lifeforce (Japan)
lightbr	mame	Light Bringer (Ver 2.2O 1994/04/08)
lightbrj	mame	Light Bringer (Ver 2.1J 1994/02/18)
liquidk	mame	Liquid Kids (World)
liquidku	mame	Liquid Kids (US)
lithero	mame	Little Hero
livequiz	mame	Live Quiz Show
lizwiz	mame	Lizard Wizard
lkage	mame	The Legend of Kage
lkageb	mame	The Legend of Kage (bootleg set 1)
lkageb2	mame	The Legend of Kage (bootleg set 2)
lkageb3	mame	The Legend of Kage (bootleg set 3)
lkageo	mame	The Legend of Kage (older)
lkageoo	mame	The Legend of Kage (oldest)
llander	mame	Lunar Lander (rev 2)
llander1	mame	Lunar Lander (rev 1)
llandert	mame	Lunar Lander (screen test)
lnc	mame	Lock'n'Chase
lockonph	mame	Lock On (Philko)
locoboot	mame	Loco-Motion (bootleg)
locomotn	mame	Loco-Motion
loderndf	mame	Lode Runner - The Dig Fight (ver. B)
loderndfa	mame	Lode Runner - The Dig Fight (ver. A)
loffire	mame	Line of Fire / Bakudan Yarou (World, FD1094 317-0136)
loffired	mame	Line of Fire / Bakudan Yarou (World, FD1094 317-0136 d
loffirej	mame	Line of Fire / Bakudan Yarou (Japan, FD1094 317-0134)
loffirejd	mame	Line of Fire / Bakudan Yarou (Japan, FD1094 317-0134 d
loffireu	mame	Line of Fire / Bakudan Yarou (US, FD1094 317-0135)
loffireud	mame	Line of Fire / Bakudan Yarou (US, FD1094 317-0135 decr
logicpr2	mame	Logic Pro 2 (Japan)
logicpro	mame	Logic Pro (Japan)
loht	mame	Legend of Hero Tonma
lohtb	mame	Legend of Hero Tonma (bootleg, set 1)
lohtb2	mame	Legend of Hero Tonma (bootleg, set 2)
lohtj	mame	Legend of Hero Tonma (Japan)
lomakai	mame	Legend of Makai (World)
looper	mame	Looper
lordgun	mame	Lord of Gun (USA)
lordofk	mame	The Lord of King (Japan)
losttomb	mame	Lost Tomb (Easy)
losttombh	mame	Lost Tomb (Hard)
lostwrld	cps1	Lost Worlds (Japan)
lostwrldo	cps1	Lost Worlds (Japan Old ver.)
lotlot	mame	Lot Lot
lottofun	mame	Lotto Fun
loverboy	mame	Lover Boy
lresort	neogeo	Last Resort
lresortp	neogeo	Last Resort (prototype)
ltorb1	neogeo	Jonas Indiana and the Lost Temple of RA (20050717)
ltswords	mame	Lightning Swords
luckywld	mame	Lucky & Wild
luckywldj	mame	Lucky & Wild (Japan)
luctoday	mame	Lucky Today
lunarba1	mame	Lunar Battle (prototype, earlier)
lunarbat	mame	Lunar Battle (prototype, later)
lvgirl94	mame	Las Vegas Girl (Girl '94)
lwings	mame	Legendary Wings (US set 1)
lwings2	mame	Legendary Wings (US set 2)
lwingsb	mame	Legendary Wings (bootleg)
lwingsj	mame	Ares no Tsubasa (Japan)
lwingsja	mame	Ares no Tsubasa (Japan, rev. A)
m660	mame	Mission 660 (US)
m660b	mame	Mission 660 (bootleg)
m660j	mame	Mission 660 (Japan)
mach9	mame	Mach-9 (bootleg of Vulgus)
machomou	mame	Macho Mouse
macross	mame	Super Spacefortress Macross / Chou-Jikuu Yousai Macros
macross2	mame	Super Spacefortress Macross II / Chou-Jikuu Yousai Mac
macross2g	mame	Super Spacefortress Macross II / Chou-Jikuu Yousai Mac
macross2k	mame	Macross II (Korea)
macrossp	mame	Macross Plus
madcrash	mame	Mad Crasher
madcrush	mame	Mad Crusher (Japan)
maddonna	mame	Mad Donna (set 1)
maddonnb	mame	Mad Donna (set 2)
madgear	mame	Mad Gear (US)
madgearj	mame	Mad Gear (Japan)
madmotor	mame	Mad Motor (prototype)
madshark	mame	Mad Shark
magdrop	mame	Magical Drop (Japan, Version 1.1, 1995.06.21)
magdrop2	neogeo	Magical Drop II
magdrop3	neogeo	Magical Drop III
magdropp	mame	Magical Drop Plus 1 (Japan, Version 2.1, 1995.09.12)
magicbub	mame	Magic Bubble
magicbuba	mame	Magic Bubble (Adult version, YS-1302 PCB)
magicbubb	mame	Magic Bubble (Adult version, YS-0211 PCB)
magix	mame	Magix / Rock
magixb	mame	Magix / Rock (no copyright message)
maglord	neogeo	Magician Lord (NGM-005)
maglordh	neogeo	Magician Lord (NGH-005)
mahoudai	mame	Mahou Daisakusen (Japan)
mahretsu	neogeo	Mahjong Kyo Retsuden (NGM-004)(NGH-004)
mainevt	mame	The Main Event (4 Players ver. Y)
mainevt2p	mame	The Main Event (2 Players ver. X)
mainevto	mame	The Main Event (4 Players ver. F)
mainsnk	mame	Main Event (1984)
majest12j	mame	Majestic Twelve - The Space Invaders Part IV (Japan)
majest12u	mame	Majestic Twelve - The Space Invaders Part IV (US)
majtitl2	mame	Major Title 2 (World)
majtitl2a	mame	Major Title 2 (World, set 1, alt sound CPU)
majtitl2b	mame	Major Title 2 (World, set 2)
majtitl2j	mame	Major Title 2 (Japan)
majtitle	mame	Major Title (World)
majtitlej	mame	Major Title (Japan)
majuu	mame	Majuu no Ohkoku
makaiden	mame	Makai Densetsu (Japan)
makaimur	mame	Makai-Mura (Japan)
makaimurc	mame	Makai-Mura (Japan revision C)
makaimurg	mame	Makai-Mura (Japan revision G)
maketrax	mame	Make Trax (set 1)
maketrxb	mame	Make Trax (set 2)
makyosen	mame	Makyou Senshi (Japan)
mangchi	mame	Mang-Chi
manhatan	mame	Manhattan 24 Bunsyo (Japan)
maniach	mame	Mania Challenge (set 1)
maniach2	mame	Mania Challenge (set 2)
maniacsp	mame	Maniac Square (prototype)
maniacsq	mame	Maniac Square (protected, Version 1.0, Checksum DEEE)
maniacsqa	mame	Maniac Square (protected, Version 1.0, Checksum CF2D)
maniacsqu	mame	Maniac Square (unprotected, Version 1.0, Checksum BB73
manybloc	mame	Many Block
mappy	mame	Mappy (US)
mappyj	mame	Mappy (Japan)
marineb	mame	Marine Boy
mariner	mame	Mariner
mario	mame	Mario Bros. (US, Revision G)
marioe	mame	Mario Bros. (US, Revision E)
mariof	mame	Mario Bros. (US, Revision F)
marioj	mame	Mario Bros. (Japan)
marioo	mame	Mario Bros. (US, Unknown Rev)
markham	mame	Markham
mars	mame	Mars
martmast	mame	Martial Masters (V104, 102, 102, USA)
martmastc	mame	Martial Masters (V104, 102, 101, China)
martmastc102	mame	Martial Masters (V102, 101, 101, China)
martmastc103	mame	Martial Masters (V103, 102, 101, China)
martmasttw	mame	Martial Masters (V102, 101, 101, Taiwan)
marukin	mame	Super Marukin-Ban (Japan 901017)
marukodq	neogeo	Chibi Marukochan Deluxe Quiz
marvins	mame	Marvin's Maze
marvland	mame	Marvel Land (US)
marvlandj	mame	Marvel Land (Japan)
masao	mame	Masao
mastboyo	mame	Master Boy (1987, Z80 hardware, set 1)
mastboyoa	mame	Master Boy (1987, Z80 hardware, set 2)
masterw	mame	Master of Weapon (World)
masterwj	mame	Master of Weapon (Japan)
masterwu	mame	Master of Weapon (US)
mastkin	mame	The Masters of Kin
matchit	mame	Match It
matchit2	mame	Match It II
matmania	mame	Mat Mania
matrim	neogeo	Matrimelee / Shin Gouketsuji Ichizoku Toukon (NGM-2660
matrimbl	neogeo	Matrimelee / Shin Gouketsuji Ichizoku Toukon (bootleg)
maxrpm	mame	Max RPM (ver 2)
mayday	mame	Mayday (set 1)
maydaya	mame	Mayday (set 2)
maydayb	mame	Mayday (set 3)
mazinger	mame	Mazinger Z (World, ver. 94/06/27)
mazingerj	mame	Mazinger Z (Japan, ver. 94/06/27)
mbomberj	cps1	Muscle Bomber - the body explosion (930713 Japan)
mbombrd	cps1	Muscle Bomber Duo - ultimate team battle (931206 etc)
mbombrdj	cps1	Muscle Bomber Duo - heat up warriors (931206 Japan)
mbrush	mame	Magic Brush
mcatadv	mame	Magical Cat Adventure
mcatadvj	mame	Magical Cat Adventure (Japan)
mchampdx	mame	Multi Champ Deluxe (ver. 0106, 06/01/2000)
mchampdxa	mame	Multi Champ Deluxe (ver. 1126, 26/11/1999)
mechatt	mame	Mechanized Attack (World)
mechattj	mame	Mechanized Attack (Japan)
mechattu	mame	Mechanized Attack (US)
mechattu1	mame	Mechanized Attack (US, Version 1, Single Player)
megablst	mame	Mega Blast (World)
megablstj	mame	Mega Blast (Japan)
megablstu	mame	Mega Blast (US)
megadon	mame	Megadon
megaforc	mame	Mega Force (World)
megaforcu	mame	Mega Force (US)
megaman	cps1	Mega Man - the power battle (951006 USA)
megaman2	cps2	Mega Man 2 - the power fighters (960708 USA)
megaman2a	cps2	Mega Man 2 - the power fighters (960708 Asia)
megaman2h	cps2	Mega Man 2 - the power fighters (960712 Hispanic)
megamana	cps1	Mega Man - the power battle (951006 Asia)
megamn2d	cps2	Mega Man 2 - the power fighters (960708 USA Phoenix Ed
megazone	mame	Mega Zone (program code L)
megazonea	mame	Mega Zone (unknown program code 1)
megazoneb	mame	Mega Zone (unknown program code 2)
megazoneh	mame	Mega Zone (program code H)
megazonei	mame	Mega Zone (program code I)
megazonej	mame	Mega Zone (program code J)
meijinsn	mame	Meijinsen
meikyuh	mame	Meikyuu Hunter G (Japan, set 1)
meikyuha	mame	Meikyuu Hunter G (Japan, set 2)
meosism	mame	Meosis Magic (Japan)
mercenario	mame	Mercenario (Commando bootleg)
mercs	cps1	Mercs (900302 etc)
mercsj	cps1	Senjo no Ookami II (Ookami 2 900302 Japan)
mercsu	cps1	Mercs (900608 USA)
mercsur1	cps1	Mercs (900302 USA)
merlinmm	mame	Merlins Money Maze
metafox	mame	Meta Fox
metalb	mame	Metal Black (World)
metalbj	mame	Metal Black (Japan)
metamrph	mame	Metamorphic Force (ver EAA)
metamrpha	mame	Metamorphic Force (ver AAA)
metamrphe	mame	Metamorphic Force (ver EAA - alternate)
metamrphj	mame	Metamorphic Force (ver JAA)
metamrphu	mame	Metamorphic Force (ver UAA)
meteorho	mame	Meteor (bootleg of Asteroids)
meteorite	mame	Meteorite (Proel bootleg of Asteroids)
meteorts	mame	Meteorites (VGG bootleg of Asteroids)
metlclsh	mame	Metal Clash (Japan)
metlfrzr	mame	Metal Freezer
metlhawk	mame	Metal Hawk (Rev C)
metlhawkj	mame	Metal Hawk (Japan, Rev F)
metlsavr	mame	Metal Saver
metmqstr	mame	Metamoqester (International)
metrocrs	mame	Metro-Cross (set 1)
metrocrsa	mame	Metro-Cross (set 2)
mexico86	mame	Mexico 86 (bootleg of Kick and Run) (set 1)
mexico86a	mame	Mexico 86 (bootleg of Kick and Run) (set 2)
mgakuen	mame	Mahjong Gakuen
mgakuen2	mame	Mahjong Gakuen 2 Gakuen-chou no Fukushuu
mgcrystl	mame	Magical Crystals (World, 92/01/10)
mgcrystlj	mame	Magical Crystals (Japan, 92/01/13)
mgcrystlo	mame	Magical Crystals (World, 91/12/10)
mhavoc	mame	Major Havoc (rev 3)
mhavoc2	mame	Major Havoc (rev 2)
mhavocp	mame	Major Havoc (prototype)
mhavocrv	mame	Major Havoc - Return to Vax
mia	mame	M.I.A. - Missing in Action (version T)
mia2	mame	M.I.A. - Missing in Action (version S)
miaj	mame	M.I.A. - Missing in Action (version R) (Japan)
midres	mame	Midnight Resistance (World)
midresj	mame	Midnight Resistance (Japan)
midresu	mame	Midnight Resistance (US)
midssio	mame	Midway SSIO Sound Board Internal pROM
miexchng	neogeo	Money Puzzle Exchanger / Money Idol Exchanger
mightguy	mame	Mighty Guy
mikie	mame	Mikie
mikiehs	mame	Mikie (High School Graffiti)
mikiej	mame	Shinnyuushain Tooru-kun
milliped	mame	Millipede
mimonkey	mame	Mighty Monkey
mimonsco	mame	Mighty Monkey (bootleg on Super Cobra hardware)
mimonscr	mame	Mighty Monkey (bootleg on Scramble hardware)
mimonscra	mame	Mighty Monkey (Kaina Games, bootleg on Scramble hardwa
minasan	neogeo	Minasanno Okagesamadesu! Daisugorokutaikai (MOM-001)(M
minefld	mame	Minefield
mineswpr	mame	Minesweeper
mineswpr4	mame	Minesweeper (4-Player)
minivadr	mame	Minivader
mirage	mame	Mirage Youjuu Mahjongden (Japan)
mirax	mame	Mirax (set 1)
miraxa	mame	Mirax (set 2)
mirninja	mame	Mirai Ninja (Japan)
missb2	mame	Miss Bubble II
missmw96	mame	Miss Mister World '96 (Nude)
missw02	mame	Miss World 2002
missw96	mame	Miss World '96 (Nude) (set1)
missw96a	mame	Miss World '96 (Nude) (set 2)
missw96b	mame	Miss World '96 (Nude) (set 3)
missw96c	mame	Miss World '96 (Nude) (set 4)
mizubaku	mame	Mizubaku Daibouken (Japan)
mj4simai	mame	Wakakusamonogatari Mahjong Yonshimai (Japan)
mjgtaste	mame	Mahjong G-Taste
mjleague	mame	Major League
mjnquest	mame	Mahjong Quest (Japan)
mjnquestb	mame	Mahjong Quest (No Nudity)
mk	mame	Mortal Kombat (rev 5.0 T-Unit 03/19/93)
mk2	mame	Mortal Kombat II (rev L3.1)
mk2chal	mame	Mortal Kombat II Challenger (hack)
mk2r11	mame	Mortal Kombat II (rev L1.1)
mk2r14	mame	Mortal Kombat II (rev L1.4)
mk2r20	mame	Mortal Kombat II (rev L2.0)
mk2r21	mame	Mortal Kombat II (rev L2.1)
mk2r30	mame	Mortal Kombat II (rev L3.0)
mk2r31e	mame	Mortal Kombat II (rev L3.1 (European))
mk2r32e	mame	Mortal Kombat II (rev L3.2 (European))
mk2r42	mame	Mortal Kombat II (rev L4.2, hack)
mk2r91	mame	Mortal Kombat II (rev L9.1, hack)
mk2ute	mame	Mortal Kombat II Ultimate Tournament Edition (hack, V5
mk3	mame	Mortal Kombat 3 (rev 2.1)
mk3p40	mame	Mortal Kombat 3 (rev 1 chip label p4.0)
mk3r10	mame	Mortal Kombat 3 (rev 1.0)
mk3r20	mame	Mortal Kombat 3 (rev 2.0)
mkr4	mame	Mortal Kombat (rev 4.0 T-Unit 02/11/93)
mktturbo	mame	Mortal Kombat (Turbo Ninja T-Unit 03/19/93, hack)
mltiwars	mame	Multi Wars (bootleg of UniWar S)
mmagic	mame	Monkey Magic
mmancp2u	cps2	Mega Man - The Power Battle (951006 USA, SAMPLE Versio
mmancp2ur1	cps2	Mega Man - The Power Battle (950926 USA, SAMPLE Versio
mmatrix	cps2	Mars Matrix (000412 USA)
mmatrixd	cps2	Mars Matrix (000412 USA Phoenix Edition)
mmatrixj	cps2	Mars Matrix (000412 Japan)
mmaulers	mame	Monster Maulers (ver EAA)
mmaze	mame	Marchen Maze (Japan)
mmaze2	mame	Marchen Maze (Japan, hack?)
mmonkey	mame	Minky Monkey
mnchmobl	mame	Munch Mobile (US)
mnight	mame	Mutant Night
mnightj	mame	Mutant Night (Japan)
moegonta	mame	Moeyo Gonta!! (Japan)
mofflott	mame	Maze of Flott (Japan)
moguchan	mame	Mogu Chan (bootleg?)
mogura	mame	Mogura Desse
mole	mame	Mole Attack
momoko	mame	Momoko 120% (Japanese text)
momokob	mame	Momoko 120% (bootleg)
momokoe	mame	Momoko 120% (English text)
monkelf	mame	Monky Elf (Korean bootleg of Avenging Spirit)
monsterz	mame	Monster Zero
moomesa	mame	Wild West C.O.W.-Boys of Moo Mesa (ver EAB)
moomesaaab	mame	Wild West C.O.W.-Boys of Moo Mesa (ver AAB)
moomesabl	mame	Wild West C.O.W.-Boys of Moo Mesa (bootleg)
moomesauab	mame	Wild West C.O.W.-Boys of Moo Mesa (ver UAB)
moomesauac	mame	Wild West C.O.W.-Boys of Moo Mesa (ver UAC)
moonal2	mame	Moon Alien Part 2
moonal2b	mame	Moon Alien Part 2 (older version)
moonaln	mame	Moon Alien
mooncmw	mame	Moon War (Moon Cresta bootleg)
mooncptc	mame	Moon Cresta (Petaco S.A. Spanish bootleg)
mooncreg	mame	Moon Cresta (Electrogame S.A. Spanish bootleg)
mooncrgx	mame	Moon Cresta (Galaxian hardware)
mooncrs2	mame	Moon Cresta (bootleg set 2)
mooncrs3	mame	Moon Cresta (bootleg set 3)
mooncrs4	mame	Moon Crest
mooncrsb	mame	Moon Cresta (bootleg set 1)
mooncrsl	mame	Cresta Mundo (Laguna S.A. Spanish Moon Cresta bootleg)
mooncrst	mame	Moon Cresta (Nichibutsu)
mooncrstg	mame	Moon Cresta (Gremlin)
mooncrsto	mame	Moon Cresta (Nichibutsu, old rev)
mooncrstso	mame	Moon Cresta (SegaSA / Sonic)
mooncrstu	mame	Moon Cresta (Nichibutsu USA, unencrypted)
mooncrstuk	mame	Moon Cresta (Nichibutsu UK)
mooncrstuku	mame	Moon Cresta (Nichibutsu UK, unencrypted)
moonqsr	mame	Moon Quasar
moonwar	mame	Moonwar
moonwara	mame	Moonwar (older)
moremore	mame	More More
moremorp	mame	More More Plus
mosaic	mame	Mosaic
mosaica	mame	Mosaic (Fuuki)
moshougi	neogeo	Syougi No Tatsujin - Master of Shougi
motorace	mame	MotoRace USA
motos	mame	Motos
mototour	mame	MotoTour / Zippy Race (Tecfri license)
mouser	mame	Mouser
mouserc	mame	Mouser (Cosmos)
mpang	cps2	Mighty! Pang (001010 Euro)
mpangj	cps2	Mighty! Pang (001011 Japan)
mpangjd	cps2	Mighty! Pang (001011 Japan Phoenix Edition)
mpangr1	cps2	Mighty! Pang (000925 Euro)
mpangu	cps2	Mighty! Pang (001010 USA)
mpatrol	mame	Moon Patrol
mpatrolw	mame	Moon Patrol (Williams)
mplanets	mame	Mad Planets
mplanetsuk	mame	Mad Planets (UK)
mranger	mame	Moon Ranger (bootleg of Moon Patrol)
mrdo	mame	Mr. Do!
mrdofix	mame	Mr. Do! (bugfixed)
mrdot	mame	Mr. Do! (Taito license)
mrdoy	mame	Mr. Do! (prototype)
mrdu	mame	Mr. Du!
mrflea	mame	The Amazing Adventures of Mr. F. Lea
mrgoemon	mame	Mr. Goemon (Japan)
mrheli	mame	Mr. HELI no Dai-Bouken
mrjong	mame	Mr. Jong (Japan)
mrkougar	mame	Mr. Kougar
mrkougar2	mame	Mr. Kougar (earlier)
mrkougb	mame	Mr. Kougar (bootleg set 1)
mrkougb2	mame	Mr. Kougar (bootleg set 2)
mrlo	mame	Mr. Lo!
mrtnt	mame	Mr. TNT
mrviking	mame	Mister Viking (315-5041)
mrvikingj	mame	Mister Viking (315-5041, Japan)
ms4plus	neogeo	Metal Slug 4 Plus (bootleg)
ms5pcb	neogeo	Metal Slug 5 (JAMMA PCB)
ms5plus	neogeo	Metal Slug 5 Plus (bootleg)
msbingo	mame	Miss Bingo
mschamp	mame	Ms. Pacman Champion Edition / Zola-Puc Gal
mschamps	mame	Ms. Pacman Champion Edition / Super Zola Pac Gal
msgogo	mame	Mouse Shooter GoGo
msgundam	mame	Mobile Suit Gundam
msgundam1	mame	Mobile Suit Gundam (Japan)
msh	cps2	Marvel Super Heroes (951024 Euro)
msha	cps2	Marvel Super Heroes (951024 Asia)
mshb	cps2	Marvel Super Heroes (951117 Brazil)
mshbr1	cps2	Marvel Super Heroes (951024 Brazil)
msheartb	mame	Ms. Pac-Man Heart Burn
mshh	cps2	Marvel Super Heroes (951117 Hispanic)
mshj	cps2	Marvel Super Heroes (951117 Japan)
mshjr1	cps2	Marvel Super Heroes (951024 Japan)
mshu	cps2	Marvel Super Heroes (951024 USA)
mshud	cps2	Marvel Super Heroes (951024 USA Phoenix Edition)
mshuttle	mame	Moon Shuttle (US? set 1)
mshuttle2	mame	Moon Shuttle (US? set 2)
mshuttlea	mame	Moon Shuttle (US, version A)
mshuttlej	mame	Moon Shuttle (Japan)
mshuttlej2	mame	Moon Shuttle (Japan set 2)
mshvsf	cps2	Marvel Super Heroes vs Street Fighter (970625 Euro)
mshvsfa	cps2	Marvel Super Heroes vs Street Fighter (970625 Asia)
mshvsfa1	cps2	Marvel Super Heroes vs Street Fighter (970620 Asia)
mshvsfb	cps2	Marvel Super Heroes vs Street Fighter (970827 Brazil)
mshvsfb1	cps2	Marvel Super Heroes vs Street Fighter (970625 Brazil)
mshvsfh	cps2	Marvel Super Heroes vs Street Fighter (970625 Hispanic
mshvsfj	cps2	Marvel Super Heroes vs Street Fighter (970707 Japan)
mshvsfj1	cps2	Marvel Super Heroes vs Street Fighter (970702 Japan)
mshvsfj2	cps2	Marvel Super Heroes vs Street Fighter (970625 Japan)
mshvsfu	cps2	Marvel Super Heroes vs Street Fighter (970827 USA)
mshvsfu1	cps2	Marvel Super Heroes vs Street Fighter (970625 USA)
mshvsfu1d	cps2	Marvel Super Heroes vs Street Fighter (970625 USA Phoe
msisaac	mame	Metal Soldier Isaac II
mslider	mame	Monster Slider (Japan)
mslug	neogeo	Metal Slug - Super Vehicle-001
mslug2	neogeo	Metal Slug 2 - Super Vehicle-001/II (NGM-2410) (NGH-24
mslug2t	neogeo	Metal Slug 2 Turbo (NGM-9410)
mslug3	neogeo	Metal Slug 3 (NGM-2560)
mslug3a	neogeo	Metal Slug 3 (NGM-2560, earlier)
mslug3b6	neogeo	Metal Slug 6 (Metal Slug 3 bootleg)
mslug3h	neogeo	Metal Slug 3 (NGH-2560)
mslug3v	neogeo	Metal Slug 3 (NGH-2560) (Enhanced Violence Version hac
mslug4	neogeo	Metal Slug 4 (NGM-2630)
mslug4h	neogeo	Metal Slug 4 (NGH-2630)
mslug5	neogeo	Metal Slug 5 (NGM-2680)
mslug5b	neogeo	Metal Slug 5 (bootleg)
mslug5h	neogeo	Metal Slug 5 (NGH-2680)
mslug5w	mame	Metal Slug 5 (W)
mslugx	neogeo	Metal Slug X - Super Vehicle-001 (NGM-2500)(NGH-2500)
mspacmab	mame	MS Pacman (bootleg)
mspacman	mame	MS Pacman
mspacmanbcc	mame	Come-Cocos (Ms. Pac-Man) ('Made in Greece' Tecnausa bo
mspacmanbco	mame	Come-Cocos (Ms. Pac-Man) (Cocomatic bootleg)
mspacmanbg	mame	Ms. Pac-Man ('Made in Greece' bootleg)
mspacmanbgd	mame	Miss Pukman ('Made in Greece' Datamat bootleg)
mspacmanbhe	mame	Come-Cocos (Ms. Pac-Man) ('Made in Greece' Herle SA bo
mspacmanblt	mame	Miss Pukman ('Made in Greece' Triunvi bootleg)
mspacmat	mame	Ms. Pac Attack
mspacmbe	mame	Ms. Pac-Man (bootleg, encrypted)
mspacmnf	mame	Ms. Pac-Man (with speedup hack)
mspacpls	mame	Ms. Pac-Man Plus
mspuzzle	mame	Miss Puzzle
mspuzzleg	mame	Miss Puzzle (Clone of Gumbo)
mspuzzlen	mame	Miss Puzzle (Nudes)
mstadium	mame	Main Stadium (Japan ver. 4)
mstworld	mame	Monsters World (bootleg of Super Pang)
msword	cps1	Magic Sword - heroic fantasy (25.07.1990 other country
mswordj	cps1	Magic Sword (23.06.1990 Japan)
mswordr1	cps1	Magic Sword - heroic fantasy (23.06.1990 other country
mswordu	cps1	Magic Sword - heroic fantasy (25.07.1990 USA)
mtlchamp	mame	Martial Champion (ver EAB)
mtlchamp1	mame	Martial Champion (ver EAA)
mtlchampa	mame	Martial Champion (ver AAA)
mtlchampj	mame	Martial Champion (ver JAA)
mtlchampu	mame	Martial Champion (ver UAE)
mtlchampu1	mame	Martial Champion (ver UAD)
mtwins	cps1	Mega Twins (chiki chiki boys 900619 etc)
mtwinsb	cps1	Twins (bootleg of Mega Twins)
mugsmash	mame	Mug Smashers
multchmp	mame	Multi Champ (World)
multchmpa	mame	Multi Champ (World, older)
multchmpk	mame	Multi Champ (Korea, older)
multi96	mame	Multi Game '96 (Italy)
musicbal	mame	Music Ball
mustache	mame	Mustache Boy (Japan)
mustachei	mame	Mustache Boy (Italy)
mustang	mame	US AAF Mustang (25th May. 1990)
mustangb	mame	US AAF Mustang (bootleg)
mustangb2	mame	US AAF Mustang (TAB Austria bootleg)
mustangs	mame	US AAF Mustang (25th May. 1990 / Seoul Trading)
mutantf	mame	Mutant Fighter (World ver EM-5)
mutantf2	mame	Mutant Fighter (World ver EM-2)
mutantf3	mame	Mutant Fighter (World ver EM-3)
mutantf4	mame	Mutant Fighter (World ver EM-4)
mutantwarr	mame	Mutant Warrior (Altered Beast - Datsu bootleg)
mutnat	neogeo	Mutation Nation (NGM-014)(NGH-014)
mvp	mame	MVP (set 2, US, FD1094 317-0143)
mvpd	mame	MVP (set 2, US, FD1094 317-0143 decrypted)
mvpj	mame	MVP (set 1, Japan, FD1094 317-0142)
mvpjd	mame	MVP (set 1, Japan, FD1094 317-0142 decrypted)
mvsc	cps2	Marvel vs Capcom - clash of super heroes (980123 Euro)
mvsca	cps2	Marvel vs Capcom - clash of super heroes (980123 Asia)
mvscar1	cps2	Marvel vs Capcom - clash of super heroes (980112 Asia)
mvscb	cps2	Marvel vs Capcom - clash of super heroes (980123 Brazi
mvsch	cps2	Marvel vs Capcom - clash of super heroes (980123 Hispa
mvscj	cps2	Marvel vs Capcom - clash of super heroes (980123 Japan
mvscjr1	cps2	Marvel vs Capcom - clash of super heroes (980112 Japan
mvscjsing	cps2	Marvel vs Capcom - clash of super heroes (980123 Japan
mvscr1	cps2	Marvel vs Capcom - clash of super heroes (980112 Euro)
mvscu	cps2	Marvel vs Capcom - clash of super heroes (980123 USA)
mvscud	cps2	Marvel vs Capcom - clash of super heroes (980123 USA P
mvscur1	cps2	Marvel vs Capcom - clash of super heroes (971222 USA)
mwalk	mame	Michael Jackson's Moonwalker (set 3, World, FD1094/875
mwalkbl2	mame	Michael Jackson's Moonwalker (bootleg)
mwalkd	mame	Michael Jackson's Moonwalker (World) (bootleg of FD109
mwalkj	mame	Michael Jackson's Moonwalker (Japan) (FD1094/8751 317-
mwalkjd	mame	Michael Jackson's Moonwalker (Japan) (bootleg of FD109
mwalku	mame	Michael Jackson's Moonwalker (US) (FD1094/8751 317-015
mwalkud	mame	Michael Jackson's Moonwalker (US) (bootleg of FD1094/8
mwarr	mame	Mighty Warriors
mx5000	mame	MX5000
myangel	mame	Kosodate Quiz My Angel (Japan)
myangel2	mame	Kosodate Quiz My Angel 2 (Japan)
myhero	mame	My Hero (US, not encrypted)
myherobl	mame	My Hero (bootleg, 315-5132 encryption)
myherok	mame	My Hero (Korea)
myqbert	mame	Mello Yello Q*bert
mysticri	mame	Mystic Riders (World)
mysticrib	mame	Mystic Riders (bootleg?)
mystston	mame	Mysterious Stones - Dr. John's Adventure
myststono	mame	Mysterious Stones - Dr. Kick in Adventure
myststonoi	mame	Mysterious Stones - Dr. Kick in Adventure (Itisa PCB)
mystwarr	mame	Mystic Warriors (ver EAA)
mystwarra	mame	Mystic Warriors (ver AAB)
mystwarraa	mame	Mystic Warriors (ver AAA)
mystwarrj	mame	Mystic Warriors (ver JAA)
mystwarru	mame	Mystic Warriors (ver UAA)
nam1975	neogeo	NAM-1975 (NGM-001)(NGH-001)
naname	mame	Naname de Magic!
nastar	mame	Nastar (World)
nastarw	mame	Nastar Warrior (US)
naughtyb	mame	Naughty Boy
naughtyba	mame	Naughty Boy (bootleg, set 1)
naughtybb	mame	Naughty Boy (bootleg, set 2)
naughtybc	mame	Naughty Boy (Cinematronics)
navarone	mame	Navarone
nbahangt	mame	NBA Hangtime (rev L1.1 04/16/96)
nbajam	mame	NBA Jam (rev 3.01 04/07/93)
nbajamr1	mame	NBA Jam (rev 1.00 02/1/93)
nbajamr2	mame	NBA Jam (rev 2.00 02/10/93)
nbajamte	mame	NBA Jam TE (rev 4.0 03/23/94)
nbajamte1	mame	NBA Jam TE (rev 1.0 01/17/94)
nbajamte2	mame	NBA Jam TE (rev 2.0 01/28/94)
nbajamte3	mame	NBA Jam TE (rev 3.0 03/04/94)
nbajamten	mame	NBA Jam T.E. Nani Edition (rev 5.2 8/11/95, prototype)
nbamht	mame	NBA Maximum Hangtime (rev 1.03 06/09/97)
nbamht1	mame	NBA Maximum Hangtime (rev 1.0 11/08/96)
nbbatman	mame	Ninja Baseball Batman (World)
nbbatmanu	mame	Ninja Baseball Batman (US)
ncombat	neogeo	Ninja Combat (NGM-009)
ncombath	neogeo	Ninja Combat (NGH-009)
ncommand	neogeo	Ninja Commando
nebulbee	mame	Nebulous Bee
nemesis	mame	Nemesis (ROM version)
nemesisuk	mame	Nemesis (World?, ROM version)
nemo	cps1	Nemo (90 11 30 etc)
nemoj	cps1	Nemo (90 11 20 Japan)
nemor1	cps1	Nemo (90 11 09 etc)
neo2500	neogeo	Neo 2500 Demo
neo3ddmo	neogeo	NeoGeo 3D! Demo
neobattl	mame	SD Gundam Neo Battling (Japan)
neobombe	neogeo	Neo Bomberman
neocstlv	neogeo	Neo CastleVania Demo
neocup98	neogeo	Neo-Geo Cup '98 - The Road to the Victory
neodemo	neogeo	Chaos Demo (Neo Geo)
neodrift	neogeo	Neo Drift Out - New Technology
neogalag	neogeo	Galaga Demo (set 1)
neogalaga	neogeo	Galaga Demo (set 2)
neomrdo	neogeo	Neo Mr. Do!
neonopon	neogeo	Neo No Panepon (beta)
neopong	neogeo	Neo Pong (ver 1.1)
neoponga	neogeo	Neo Pong (ver 1.0)
neoprimo	neogeo	Primo Demo
neotet	neogeo	NeoGeo 2-Player Tetris
neothndr	neogeo	Neo Thunder
neoww2	neogeo	WW2 Demo - Arcade Development Project
netwars	mame	Net Wars
newapunk	mame	New Atomic Punk - Global Quest (US)
newfant	mame	New Fantasia (1995 copyright)
newfanta	mame	New Fantasia (1994 copyright)
newpuc2	mame	Newpuc2
newpuc2b	mame	Newpuc2b
newpuckx	mame	New Puck-X
news	mame	News (set 1)
newsa	mame	News (set 2)
newsin7	mame	New Sinbad 7
newtangl	mame	New Tropical Angel
nextfase	mame	Next Fase (bootleg of Phoenix)
nflfoot	mame	NFL Football
ngem2k	neogeo	NGEM2K (beta 2006-01-18)
ngfrog	neogeo	Frog Feast (Neo Geo)
ngftdemo	neogeo	NGF Transparency Demo
nibbler	mame	Nibbler (rev 9)
nibbler6	mame	Nibbler (rev 6)
nibbler7	mame	Nibbler (rev 7)
nibbler8	mame	Nibbler (rev 8)
nibblera	mame	Nibbler (rev 9, alternate set)
nibblero	mame	Nibbler (Olympia - rev 8)
nibblerp	mame	Nibbler (Pioneer Balloon conversion - rev 6)
nightstr	mame	Night Striker (World)
nightstrj	mame	Night Striker (Japan)
nightstru	mame	Night Striker (US)
ninja	mame	Ninja (315-5102)
ninjak	mame	The Ninja Kids (World)
ninjakd2	mame	Ninja-Kid II / NinjaKun Ashura no Shou (set 1)
ninjakd2a	mame	Ninja-Kid II / NinjaKun Ashura no Shou (set 2, bootleg
ninjakd2b	mame	Ninja-Kid II / NinjaKun Ashura no Shou (set 3, bootleg
ninjakd2c	mame	Ninja-Kid II / NinjaKun Ashura no Shou (set 4)
ninjakj	mame	The Ninja Kids (Japan)
ninjaku	mame	The Ninja Kids (US)
ninjakun	mame	Ninjakun Majou no Bouken
ninjamas	neogeo	Ninja Master's - haoh-ninpo-cho
ninjaw	mame	The Ninja Warriors (World, later version)
ninjaw1	mame	The Ninja Warriors (World, earlier version)
ninjawj	mame	The Ninja Warriors (Japan)
ninjawu	mame	The Ninja Warriors (US, Romstar license)
ninjemak	mame	Ninja Emaki (US)
nitd	neogeo	Nightmare in the Dark
nitdbl	neogeo	Nightmare in the Dark (bootleg)
nitedrvr	mame	Night Driver
nitrobal	mame	Nitro Ball (World, set 1)
nitrobala	mame	Nitro Ball (World, set 2)
nmaster	mame	Oni - The Ninja Master (Japan)
nmg5	mame	Multi 5 / New Multi Game 5 (set 1)
nmg5a	mame	Multi 5 / New Multi Game 5 (set 2)
nmg5e	mame	Multi 5 / New Multi Game 5 (set 3, earlier)
nmk004	mame	NMK004 Internal ROM
nmouse	mame	Naughty Mouse (set 1)
nmouseb	mame	Naughty Mouse (set 2)
nndmseal	mame	Nandemo Seal Iinkai
nndmseala	mame	Nandemo Seal Iinkai (Astro Boy ver.)
nob	mame	Noboranka (Japan)
nobb	mame	Noboranka (Japan, bootleg)
nost	mame	Nostradamus
nostj	mame	Nostradamus (Japan)
nostk	mame	Nostradamus (Korea)
nouryoku	mame	Nouryoku Koujou Iinkai
nova2001	mame	Nova 2001 (Japan)
nova2001h	mame	Nova 2001 (Japan, hack?)
nova2001u	mame	Nova 2001 (US)
nprinces	mame	Ninja Princess (315-5051, 64k Ver. bootleg?)
nprincesb	mame	Ninja Princess (315-5051?, 128k Ver. bootleg?)
nprinceso	mame	Ninja Princess (315-5098, 128k Ver.)
nprincesu	mame	Ninja Princess (64k Ver. not encrypted)
nrallyx	mame	New Rally X
nslasher	mame	Night Slashers (Korea Rev 1.3, DE-0397-0 PCB)
nslasherj	mame	Night Slashers (Japan Rev 1.2, DE-0397-0 PCB)
nslashers	mame	Night Slashers (Over Sea Rev 1.2, DE-0397-0 PCB)
nslasheru	mame	Night Slashers (US Rev 1.2, DE-0395-1 PCB)
nspirit	mame	Ninja Spirit
nspiritj	mame	Saigo no Nindou (Japan)
nsub	mame	N-Sub (upright)
nunchaku	mame	Nunchackun
nwarr	cps2	Night Warriors - darkstalkers' revenge (950316 Euro)
nwarra	cps2	Night Warriors - darkstalkers' revenge (950302 Asia)
nwarrb	cps2	Night Warriors - darkstalkers' revenge (950403 Brazil)
nwarrh	cps2	Night Warriors - darkstalkers' revenge (950403 Hispani
nwarru	cps2	Night Warriors - darkstalkers' revenge (950406 USA)
nwarrud	cps2	Night Warriors - darkstalkers' revenge (950406 USA Pho
nyanpani	mame	Nyan Nyan Panic (Japan)
nzeroteam	mame	New Zero Team (V33 SYSTEM TYPE_B hardware)
nzeroteama	mame	New Zero Team (V33 SYSTEM TYPE_B hardware, China?)
oedfight	mame	Oedo Fight (Japan Bloodshed Ver.)
offensiv	mame	Offensive (Spanish bootleg of Scramble)
offtwall	mame	Off the Wall (2/3-player upright)
offtwallc	mame	Off the Wall (2-player cocktail)
ohmygod	mame	Oh My God!
oisipuzl	mame	Oishii Puzzle Ha Irimasenka
olds	mame	Oriental Legend Super (V101, Korea)
olds100	mame	Oriental Legend Special - Xi Yo Gi Shi Re Zuang Super
olds100a	mame	Oriental Legend Special - Xi Yo Gi Shi Re Zuang Super
olds103t	mame	Oriental Legend Special - Xi Yo Gi Shi Re Zuang Super
oldsplus	mame	Oriental Legend 2 (Korea) / Xi You Shi E Zhuan Super P
olibochu	mame	Oli-Boo-Chu
omega	mame	Omega
omegab	mame	Omega
omegaf	mame	Omega Fighter
omegafs	mame	Omega Fighter Special
omegrace	mame	Omega Race (set 1)
omegrace2	mame	Omega Race (set 2)
omni	mame	Omni
oneshot	mame	One Shot One Kill
onetwo	mame	One + Two
onetwoe	mame	One + Two (earlier)
onna34ro	mame	Onna Sansirou - Typhoon Gal
onna34roa	mame	Onna Sansirou - Typhoon Gal (bootleg)
opaopa	mame	Opa Opa (Rev A, unprotected)
opaopan	mame	Opa Opa (MC-8123, 317-0042)
openice	mame	2 On 2 Open Ice Challenge (rev 1.21)
openicea	mame	2 On 2 Open Ice Challenge (rev 1.2A)
opwolf	mame	Operation Wolf (World, set 1)
opwolf3	mame	Operation Wolf 3 (World)
opwolf3u	mame	Operation Wolf 3 (US)
opwolfa	mame	Operation Wolf (World, set 2)
opwolfb	mame	Operation Bear
opwolfj	mame	Operation Wolf (Japan)
opwolfjsc	mame	Operation Wolf (Japan, SC)
opwolfu	mame	Operation Wolf (US)
orbitron	mame	Orbitron
orbs	mame	Orbs (10/7/94 prototype?)
ordyne	mame	Ordyne (World)
ordynej	mame	Ordyne (Japan)
ordyneje	mame	Ordyne (Japan, English Version)
orius	mame	Orius (ver UAA)
orlegend	mame	Oriental Legend - Xi Yo Gi Shi Re Zuang (V126)
orlegend105k	mame	Oriental Legend (V105, Korea)
orlegend111c	mame	Oriental Legend - Xi Yo Gi Shi Re Zuang (V111, China)
orlegend111k	mame	Oriental Legend - Xi Yo Gi Shi Re Zuang (V111, Korea)
orlegend111t	mame	Oriental Legend - Xi Yo Gi Shi Re Zuang (V111, Taiwan)
orlegendc	mame	Oriental Legend - Xi Yo Gi Shi Re Zuang (V112, China)
orlegendca	mame	Oriental Legend - Xi Yo Gi Shi Re Zuang (V112 alt, Chi
orlegende	mame	Oriental Legend - Xi Yo Gi Shi Re Zuang (V112)
oscar	mame	Psycho-Nics Oscar (World revision 0)
oscarj1	mame	Psycho-Nics Oscar (Japan revision 1)
oscarj2	mame	Psycho-Nics Oscar (Japan revision 2)
oscaru	mame	Psycho-Nics Oscar (US)
osman	mame	Osman (World)
othunder	mame	Operation Thunderbolt (World, rev 1)
othunderj	mame	Operation Thunderbolt (Japan)
othunderjsc	mame	Operation Thunderbolt (Japan, SC)
othundero	mame	Operation Thunderbolt (World)
othunderu	mame	Operation Thunderbolt (US, rev 1)
othunderuo	mame	Operation Thunderbolt (US)
outrun	mame	Out Run (sitdown/upright, Rev B)
outrunb	mame	Out Run (bootleg)
outrundx	mame	Out Run (deluxe sitdown)
outrundxa	mame	Out Run (deluxe sitdown earlier version)
outrundxeh	mame	Out Run (deluxe sitdown) (Enhanced Edition v1.0.3)
outrundxj	mame	Out Run (Japan, deluxe sitdown, FD1089A 317-0019)
outruneh	mame	Out Run (sitdown/upright, Rev B) (Enhanced Edition v2.
outrunra	mame	Out Run (sitdown/upright, Rev A)
outzone	mame	Out Zone
outzonea	mame	Out Zone (old set)
outzoneb	mame	Out Zone (older set)
outzonec	mame	Out Zone (oldest set)
outzonecv	mame	Out Zone (Zero Wing TP-015 PCB conversion)
outzoneh	mame	Out Zone (harder)
overtop	neogeo	Over Top
ozmawars	mame	Ozma Wars (set 1)
ozmawars2	mame	Ozma Wars (set 2)
ozon1	mame	Ozon I
p47	mame	P-47 - The Phantom Fighter (World)
p47j	mame	P-47 - The Freedom Fighter (Japan)
p47je	mame	P-47 - The Freedom Fighter (Japan, Export)
pacgal	mame	Pac-Gal
pacheart	mame	Pac-Man (Hearts)
packbang	mame	Pack'n Bang Bang (Prototype)
packetman	mame	Packetman (bootleg)
pacland	mame	Pac-Land (World)
paclandj	mame	Pac-Land (Japan new)
paclandjo	mame	Pac-Land (Japan old)
paclandjo2	mame	Pac-Land (Japan older)
paclandm	mame	Pac-Land (Midway)
paclandm2	mame	Pac-Land (Bally-Midway)
pacman	mame	Pac-Man (Midway)
pacmanbl	mame	Pac-Man (Galaxian hardware, set 1)
pacmanbla	mame	Pac-Man (Galaxian hardware, set 2)
pacmanf	mame	Pac-Man (Midway, with speedup hack)
pacmania	mame	Pac-Mania
pacmaniaj	mame	Pac-Mania (Japan)
pacmaniao	mame	Pac-Mania (111187 sound program)
pacmanpe	mame	Come Come (Petaco SA bootleg of Puck Man)
pacmanso	mame	Pac-Man (SegaSA / Sonic)
pacmansp	mame	Puck Man (Spanish, 'Made in Greece' bootleg)
pacmanvg	mame	Pac-Man (bootleg, Video Game SA)
pacmod	mame	Pac-Man (Midway, harder)
pacnchmp	mame	Pac-Man & Chomp Chomp
pacnpal	mame	Pac & Pal
pacnpal2	mame	Pac & Pal (older)
pacominv	mame	Pacom Invader
pacplus	mame	Pac-Man Plus
pacuman	mame	Pacu-Man (Spanish bootleg of Puck Man)
paddle2	mame	Paddle 2 (bootleg on Block hardware)
paddlema	mame	Paddle Mania
paintrlr	mame	Paint Roller
pairlove	mame	Pairs Love
pairs	mame	Pairs (V1.2, 09/30/94)
pairsa	mame	Pairs (V1, 09/07/94)
pairsred	mame	Pairs Redemption (V1.0, 10/25/94)
pajaroes	mame	Pajaro del Espacio (Spanish bootleg of UniWar S)
palamed	mame	Palamedes (US)
palamedj	mame	Palamedes (Japan)
pandoras	mame	Pandora's Palace
pang	mame	Pang (World)
pang3	cps1	Pang! 3 (950601 Euro)
pang3b	cps1	Pang! 3 (bootleg set 1, 950511 Euro)
pang3b2	cps1	Pang! 3 (bootleg set 2, 950511 Euro)
pang3b3	cps1	Pang! 3 (bootleg set 3, 950601 Euro)
pang3j	cps1	Pang! 3: Kaitou Tachi no Karei na Gogo (950511 Japan)
pang3r1	cps1	Pang! 3 (950511 Euro)
pang3r1a	cps1	Pang! 3 (950511 Euro, alt)
pangb	mame	Pang (bootleg, set 1)
pangb2	mame	Pang (bootleg, set 4)
pangbold	mame	Pang (bootleg, set 2)
pangbold2	mame	Pang (bootleg, set 5)
pangbold3	mame	Pang (bootleg, set 6)
pangpang	mame	Pang Pang
pangpoms	mame	Pang Pom's
pangpomsm	mame	Pang Pom's (Mitchell)
panicbom	neogeo	Panic Bomber
panicstr	mame	Panic Street (Japan)
paprazzi	mame	Paparazzi
parodius	mame	Parodius DA! (World, set 1)
parodiusa	mame	Parodius DA! (Asia)
parodiuse	mame	Parodius DA! (World, set 2)
parodiusj	mame	Parodius DA! (Japan)
pass	mame	Pass
passsht	mame	Passing Shot (World, 2 Players, FD1094 317-0080)
passsht16a	mame	Passing Shot (Japan, 4 Players, System 16A, FD1094 317
passshta	mame	Passing Shot (World, 4 Players, FD1094 317-0074)
passshtad	mame	Passing Shot (World, 4 Players, FD1094 317-0074 decryp
passshtb	mame	Passing Shot (bootleg, 2 Players)
passshtd	mame	Passing Shot (World, 2 Players, FD1094 317-0080 decryp
passshtj	mame	Passing Shot (Japan, 4 Players, FD1094 317-0070)
passshtjd	mame	Passing Shot (Japan, 4 Players, FD1094 317-0070 decryp
pastelis	mame	Pastel Island (Japan, prototype)
patapata	mame	Pata Pata Panic
pbaction	mame	Pinball Action (set 1)
pbaction2	mame	Pinball Action (set 2, encrypted)
pbaction3	mame	Pinball Action (set 3, encrypted)
pbaction4	mame	Pinball Action (set 4, encrypted)
pbactiont	mame	Pinball Action (Tecfri License)
pballoon	mame	Pioneer Balloon
pballoonr	mame	Pioneer Balloon (Rock-Ola license)
pbancho	mame	Gyakuten!! Puzzle Bancho (Japan)
pbillrd	mame	Perfect Billiard
pbillrdsa	mame	Perfect Billiard (MC-8123, 317-5008)
pbobbl2n	neogeo	Puzzle Bobble 2 / Bust-A-Move Again (Neo-Geo)
pbobble	mame	Puzzle Bobble (Japan, B-System)
pbobble2	mame	Puzzle Bobble 2 (Ver 2.3O 1995/07/31)
pbobble2j	mame	Puzzle Bobble 2 (Ver 2.2J 1995/07/20)
pbobble2o	mame	Puzzle Bobble 2 (Ver 2.2O 1995/07/20)
pbobble2u	mame	Bust-A-Move Again (Ver 2.3A 1995/07/31)
pbobble2x	mame	Puzzle Bobble 2X (Ver 2.2J 1995/11/11)
pbobble3	mame	Puzzle Bobble 3 (Ver 2.1O 1996/09/27)
pbobble3j	mame	Puzzle Bobble 3 (Ver 2.1J 1996/09/27)
pbobble3u	mame	Puzzle Bobble 3 (Ver 2.1A 1996/09/27)
pbobble4	mame	Puzzle Bobble 4 (Ver 2.04O 1997/12/19)
pbobble4j	mame	Puzzle Bobble 4 (Ver 2.04J 1997/12/19)
pbobble4u	mame	Puzzle Bobble 4 (Ver 2.04A 1997/12/19)
pbobblen	neogeo	Puzzle Bobble / Bust-A-Move (Neo-Geo) (NGM-083)
pbobblenb	neogeo	Puzzle Bobble / Bust-A-Move (Neo-Geo) (bootleg)
pclubys	mame	Puzzle Club (Yun Sung, set 1)
pclubysa	mame	Puzzle Club (Yun Sung, set 2)
pdrift	mame	Power Drift (World, Rev A)
pdrifta	mame	Power Drift (World)
pdrifte	mame	Power Drift (World, Earlier)
pdriftj	mame	Power Drift (Japan)
peekaboo	mame	Peek-a-Boo!
peekaboou	mame	Peek-a-Boo! (North America, ver 1.0)
penbros	mame	Penguin Brothers (Japan)
pengadvb	mame	Penguin Adventure (bootleg of MSX version)
pengo	mame	Pengo (set 1 rev c)
pengo2	mame	Pengo (set 2)
pengo2u	mame	Pengo (set 2 not encrypted)
pengo3u	mame	Pengo (set 3 not encrypted)
pengo4	mame	Pengo (set 4)
pengo5	mame	Pengo (set 5)
pengob	mame	Pengo (bootleg)
penta	mame	Penta
percuss	mame	The Percussor
perfrman	mame	Performan (Japan)
perfrmanu	mame	Performan (US)
pestplce	mame	Pest Place
pettanp	mame	Pettan Pyuu (Japan)
pfghtj	cps2	Pocket Fighter (970904 Japan)
pgalvip	mame	Pocket Gals V.I.P (set 1)
pgalvipa	mame	Pocket Gals V.I.P (set 2)
pgear	cps2	Powered Gear - strategic variant armor equipment (9410
pgearr1	cps2	Powered Gear - strategic variant armor equipment (9409
pgemeni	mame	P-GeMeni (060123)
pgm3in1	mame	Photo Y2K 2 (3-in-1)
pgmdemo	mame	Chaos (PGM Demo)
pgmfrog	mame	Frog Feast (PGM)
pgoal	neogeo	Pleasure Goal / Futsal - 5 on 5 Mini Soccer (NGM-219)
phantasm	mame	Phantasm (Japan)
phelios	mame	Phelios
pheliosj	mame	Phelios (Japan)
phoenix	mame	Phoenix (Amstar)
phoenix2	mame	Phoenix (Amstar, set 2)
phoenix3	mame	Phoenix (T.P.N. bootleg)
phoenixa	mame	Phoenix (Centuri, set 1)
phoenixass	mame	Phoenix (Assa, Spanish bootleg)
phoenixb	mame	Phoenix (Centuri, set 2)
phoenixc	mame	Phoenix (Irecsa / G.G.I Corp, set 1)
phoenixc2	mame	Phoenix (Irecsa / G.G.I Corp, set 2)
phoenixc3	mame	Phoenix (Irecsa / G.G.I Corp, set 3)
phoenixc4	mame	Phoenix (Irecsa / G.G.I Corp, set 4)
phoenixdal	mame	Phoenix (D&L bootleg)
phoenixi	mame	Phoenix (IDI bootleg)
phoenixj	mame	Phoenix (Taito Japan)
phoenixs	mame	Phoenix (Sonic, Spanish bootleg)
phoenixt	mame	Phoenix (Taito)
phoenxp2	mame	Phoenix Part 2
photof	mame	Photo Finish (bootleg?)
photoy2k	mame	Photo Y2K / Real and Fake (V105)
photoy2k102	mame	Real and Fake\0Photo Y2K (V102, Japan)
photoy2k104	mame	Photo Y2K / Real and Fake (V104)
phozon	mame	Phozon (Japan)
phozons	mame	Phozon (Sidam)
pickin	mame	Pickin'
pinbo	mame	Pinbo (set 1)
pingpong	mame	Konami's Ping-Pong
pipedrm	mame	Pipe Dream (World)
pipedrmj	mame	Pipe Dream (Japan)
pipedrmt	mame	Pipe Dream (Taiwan)
pipedrmu	mame	Pipe Dream (US)
pipibibs	mame	Pipi & Bibis / Whoopee!! (Z80 sound cpu, set 1)
pipibibsa	mame	Pipi & Bibis / Whoopee!! (Z80 sound cpu, set 2)
pipibibsp	mame	Pipi & Bibis / Whoopee!! (prototype)
piranha	mame	Piranha
piranhah	mame	Piranha (hack)
piranhao	mame	Piranha (older)
pirates	mame	Pirates (set 1)
piratesb	mame	Pirates (set 2)
piratpet	mame	Pirate Pete
pisces	mame	Pisces
piscesb	mame	Pisces (bootleg)
pistoldm	mame	Pistol Daimyo no Bouken (Japan)
pitfall2	mame	Pitfall II (315-5093)
pitfall2a	mame	Pitfall II (315-5093, Flicky Conversion)
pitfall2u	mame	Pitfall II (not encrypted)
pitfight	mame	Pit Fighter (rev 9)
pitnrun	mame	Pit & Run - F-1 Race (set 1)
pitnruna	mame	Pit & Run - F-1 Race (set 2)
pkladies	mame	Poker Ladies
pkladiesl	mame	Poker Ladies (Leprechaun ver. 510)
pkladiesla	mame	Poker Ladies (Leprechaun ver. 401)
pkscram	mame	PK Scramble
pktgaldx	mame	Pocket Gal Deluxe (Euro v3.00)
pktgaldxb	mame	Pocket Gal Deluxe (Euro v3.00, bootleg)
pktgaldxj	mame	Pocket Gal Deluxe (Japan v3.00)
pkunwar	mame	Penguin-Kun Wars (US)
pkunwarj	mame	Penguin-Kun Wars (Japan)
plegends	mame	Gouketsuji Gaiden Legends (USA, ver. 95/06/20)
plegendsj	mame	Gouketsuji Gaiden Saikyou Densetsu (Japan, ver. 95/06/
pleiadbl	mame	Pleiads (bootleg set 1)
pleiadce	mame	Pleiads (Centuri)
pleiads	mame	Pleiads (Tehkan)
pleiadsb2	mame	Pleiads (bootleg set 2)
pleiadsi	mame	Pleiads (Irecsa)
pleiadsn	mame	Pleiads (Niemer S.A.)
pleiadss	mame	Pleiads (Spanish bootleg)
plgirls	mame	Play Girls
plgirls2	mame	Play Girls 2
plgirls2b	mame	Play Girls 2 (bootleg)
plotting	mame	Plotting (World set 1)
plottinga	mame	Plotting (World set 2, protected)
plottingb	mame	Plotting (World set 3, earliest version)
plottingu	mame	Plotting (US)
plumppop	mame	Plump Pop (Japan)
plusalph	mame	Plus Alpha
pnickj	cps1	Pnickies (940608 Japan)
pnyaa	neogeo	Pochi and Nyaa (Ver 2.00)
pnyaaa	neogeo	Pochi and Nyaa (Ver 2.02)
poitto	mame	Poitto!
poknight	neogeo	Poker Night
pokonyan	cps1	Pokonyan (Japan 940322)
pollux	mame	Pollux (set 1)
polluxa	mame	Pollux (set 2)
polluxa2	mame	Pollux (set 3)
polluxn	mame	Pollux (Japan, NTC license)
pompingw	mame	Pomping World (Japan)
ponpoko	mame	Ponpoko
ponpokov	mame	Ponpoko (Venture Line)
pootan	mame	Pootan
pooyan	mame	Pooyan
pooyans	mame	Pooyan (Stern)
popbingo	mame	Pop Bingo
popbounc	neogeo	Pop 'n Bounce / Gapporin
popeye	mame	Popeye (revision D)
popeyebl	mame	Popeye (bootleg)
popeyef	mame	Popeye (revision F)
popeyej	mame	Popeye (Japan, Sky Skipper hardware)
popeyejo	mame	Popeye (Japan, Sky Skipper hardware, Older)
popeyeman	mame	Popeye-Man
popeyeu	mame	Popeye (revision D not protected)
popflame	mame	Pop Flamer (protected)
popflamea	mame	Pop Flamer (not protected)
popflameb	mame	Pop Flamer (hack?)
popflamen	mame	Pop Flamer (bootleg on Naughty Boy PCB)
popnpop	mame	Pop'n Pop (Ver 2.07O 1998/02/09)
popnpopj	mame	Pop'n Pop (Ver 2.07J 1998/02/09)
popnpopu	mame	Pop'n Pop (Ver 2.07A 1998/02/09)
popper	mame	Popper
popspops	mame	Pop's Pop's
porky	mame	Porky
porter	mame	Port Man (bootleg on Moon Cresta hardware)
portman	mame	Port Man
portmanj	mame	Port Man (Japan)
poundfor	mame	Pound for Pound (World)
poundforj	mame	Pound for Pound (Japan)
poundforu	mame	Pound for Pound (US)
pow	mame	P.O.W. - Prisoners of War (US version 1)
powerdrv	mame	Power Drive
powerins	mame	Power Instinct (USA)
powerinsa	mame	Power Instinct (USA, bootleg set 1)
powerinsb	mame	Power Instinct (USA, bootleg set 2)
powerinsj	mame	Gouketsuji Ichizoku (Japan)
powj	mame	Datsugoku - Prisoners of War (Japan)
ppan	mame	Peter Pan (bootleg of Hook)
ppchamp	mame	Pasha Pasha Champ Mini Game Festival
ppmast93	mame	Ping Pong Masters '93
pprobe	mame	Planet Probe (prototype?)
prehisle	mame	Prehistoric Isle in 1930 (World)
prehisleb	mame	Prehistoric Isle in 1930 (World, bootleg)
prehislek	mame	Prehistoric Isle in 1930 (Korea)
prehisleu	mame	Prehistoric Isle in 1930 (US)
preisle2	neogeo	Prehistoric Isle 2
primella	mame	Primella
prmtmfgt	mame	Prime Time Fighter (Ver 2.1A 1993/05/21) (New Version)
prmtmfgto	mame	Prime Time Fighter (Ver 2.1A 1993/05/21) (Old Version)
progear	cps2	Progear (010117 USA)
progeara	cps2	Progear (010117 Asia)
progearj	cps2	Progear No Arashi (010117 Japan)
progearjbl	cps2	Progear No Arashi (010117 Japan, decrypted set)
progearjd	cps2	Progear No Arashi (010117 Japan Phoenix Edition)
progearud	cps2	Progear(010117 USA Phoenix Edition)
progolf	mame	18 Holes Pro Golf (set 1)
progolfa	mame	18 Holes Pro Golf (set 2)
progress	mame	Progress
promutrv	mame	Progressive Music Trivia (Question set 1)
promutrva	mame	Progressive Music Trivia (Question set 2)
promutrvb	mame	Progressive Music Trivia (Question set 3)
promutrvc	mame	Progressive Music Trivia (Question set 4)
prtytime	mame	Party Time: Gonta the Diver II / Ganbare! Gonta!! 2 (W
psoldier	mame	Perfect Soldiers (Japan)
pspikes	mame	Power Spikes (World)
pspikes2	neogeo	Power Spikes II (NGM-068)
pspikesk	mame	Power Spikes (Korea)
pspikesu	mame	Power Spikes (US)
psurge	mame	Power Surge
psychic5	mame	Psychic 5 (World)
psychic5j	mame	Psychic 5 (Japan)
psychos	mame	Psycho Soldier (US)
psychosj	mame	Psycho Soldier (Japan)
pturn	mame	Parallel Turn
puchicar	mame	Puchi Carat (Ver 2.02O 1997/10/29)
puchicarj	mame	Puchi Carat (Ver 2.02J 1997/10/29)
puckman	mame	Puck Man (Japan set 1)
puckmanb	mame	Puck Man (Bootleg set 1)
puckmanf	mame	PuckMan (speedup hack)
puckmanh	mame	Puck Man (bootleg set 2)
puckmod	mame	Puck Man (Japan set 2)
pulirula	mame	PuLiRuLa (World)
pulirulaj	mame	PuLiRuLa (Japan)
pulsar	mame	Pulsar
pulstar	neogeo	Pulstar
punchita	mame	Punch-Out!! (Italian bootleg)
punchout	mame	Punch-Out!! (Rev B)
punchouta	mame	Punch-Out!! (Rev A)
punchoutj	mame	Punch-Out!! (Japan)
punipic	cps1	The Punisher (bootleg set 1 (with PIC16c57), 930422 et
punipic2	cps1	The Punisher (bootleg set 2 (with PIC16c57), 930422 et
punipic3	cps1	The Punisher (bootleg set 3 (with PIC16c57), 930422 et
punisher	cps1	The Punisher (930422 etc)
punisherb	cps1	The Punisher (bootleg, 930422 etc)
punisherbz	cps1	Biaofeng Zhanjing (Chinese bootleg)
punisherh	cps1	The Punisher (930422 Hispanic)
punisherj	cps1	The Punisher (930422 Japan)
punisheru	cps1	The Punisher (930422 USA)
punkshot	mame	Punk Shot (US 4 Players)
punkshot2	mame	Punk Shot (US 2 Players)
punkshotj	mame	Punk Shot (Japan 2 Players)
pururun	mame	Pururun
pushman	mame	Pushman (Korea, set 1)
pushmana	mame	Pushman (Korea, set 2)
pushmans	mame	Pushman (American Sammy license)
puzlclub	mame	Puzzle Club (Japan prototype)
puzlstar	mame	Puzzle Star (V100MG)
puzzldpr	neogeo	Puzzle De Pon! R!
puzzledp	neogeo	Puzzle De Pon!
puzzli	mame	Puzzli
puzzli2	mame	Puzzli 2 (V100)
puzzli2s	mame	Puzzli 2 Super (V200)
puzzloop	mame	Puzz Loop (Europe, v0.94)
puzzloopa	mame	Puzz Loop (Asia)
puzzloope	mame	Puzz Loop (Europe, v0.93)
puzzloopj	mame	Puzz Loop (Japan)
puzzloopk	mame	Puzz Loop (Korea)
puzzloopu	mame	Puzz Loop (USA)
puzzlove	mame	PuzzLove
puzzlovek	mame	PuzzLove (Korea)
puzznic	mame	Puzznic (World)
puzznicb	mame	Puzznic (bootleg, set 1)
puzznicba	mame	Puzznic (bootleg, set 2)
puzznici	mame	Puzznic (Italian bootleg)
puzznicj	mame	Puzznic (Japan)
puzznicu	mame	Puzznic (US)
pwheelsj	mame	Power Wheels (Japan)
pwrgoal	mame	Taito Power Goal (Ver 2.5O 1994/11/03)
pwrinst2	mame	Power Instinct 2 (USA, ver. 94/04/08)
pwrinst2j	mame	Gouketsuji Ichizoku 2 (Japan, ver. 94/04/08)
py2k2	mame	Photo Y2K 2 (VM101XX, Taiwan)
pyros	mame	Pyros (US)
pzlbowl	mame	Puzzle De Bowling (Japan)
pzlbreak	mame	Puzzle Break
pzloop2	cps2	Puzz Loop 2 (010302 Euro)
pzloop2j	cps2	Puzz Loop 2 (010226 Japan)
pzloop2jr1	cps2	Puzz Loop 2 (010205 Japan)
qad	cps1	Quiz & Dragons (capcom quiz game 920701 USA)
qadjr	cps1	Quiz & Dragons (940921 Japan Resale Ver.)
qbert	mame	Q*bert (US set 1)
qberta	mame	Q*bert (US set 2)
qbertj	mame	Q*bert (Japan)
qbertqub	mame	Q*bert's Qubes
qcrayon	mame	Quiz Crayon Shinchan (Japan)
qcrayon2	mame	Crayon Shinchan Orato Asobo (Japan)
qgakumon	mame	Quiz Gakumon no Susume (Japan ver. JA2 Type L)
qix	mame	Qix (Rev 2)
qix2	mame	Qix II (Tournament)
qixa	mame	Qix (set 2, smaller roms)
qixb	mame	Qix (set 2, larger roms)
qixo	mame	Qix (set 3, earlier)
qjinsei	mame	Quiz Jinsei Gekijoh (Japan)
qndream	cps2	Quiz Nanairo Dreams - nijiirochou no kiseki (nanairo d
qsangoku	mame	Quiz Sangokushi (Japan)
qtheater	mame	Quiz Theater - 3tsu no Monogatari (Ver 2.3J 1994/11/10
qtono1	mame	Quiz Tonosama no Yabou (Japan)
qtono2j	cps1	Quiz Tonosama no Yabou 2 Zenkoku-ban (tonosama 2 95012
qtorimon	mame	Quiz Torimonochou (Japan)
quantum	mame	Quantum (rev 2)
quantum1	mame	Quantum (rev 1)
quantump	mame	Quantum (prototype)
quartet	mame	Quartet (Rev A, 8751 317-unknown)
quartet2	mame	Quartet 2 (8751 317-0010)
quartet2a	mame	Quartet 2 (unprotected)
quarteta	mame	Quartet (8751 315-5194)
quarth	mame	Quarth (Japan)
quester	mame	Quester (Japan)
questers	mame	Quester Special Edition (Japan)
quiz18k	mame	Miyasu Nonki no Quiz 18-Kin
quizdai2	neogeo	Quiz Meitantei Neo & Geo - Quiz Daisousa Sen part 2 (N
quizdais	neogeo	Quiz Daisousa Sen - The Last Count Down (NGM-023)(NGH-
quizdaisk	neogeo	Quiz Daisousa Sen - The Last Count Down (Korean releas
quizf1	mame	Quiz F1 1-2 Finish (Japan)
quizhq	mame	Quiz H.Q. (Japan)
quizhuhu	mame	Moriguchi Hiroko no Quiz de Hyuu!Hyuu! (Ver 2.2J 1995/
quizkof	neogeo	Quiz King of Fighters (SAM-080)(SAH-080)
quizkofk	neogeo	Quiz King of Fighters (Korean release)
quizmoon	mame	Quiz Bisyoujo Senshi Sailor Moon - Chiryoku Tairyoku T
quizo	mame	Quiz Olympic (set 1)
quizoa	mame	Quiz Olympic (set 2)
qzchikyu	mame	Quiz Chikyu Bouei Gun (Japan)
qzkklgy2	mame	Quiz Kokology 2
qzkklogy	mame	Quiz Kokology
qzquest	mame	Quiz Quest - Hime to Yuusha no Monogatari (Japan)
qzshowby	mame	Quiz Sekai wa SHOW by shobai (Japan)
r2dx_v33	mame	Raiden II New / Raiden DX (newer V33 PCB) (Raiden DX E
r2dx_v33_r2	mame	Raiden II New / Raiden DX (newer V33 PCB) (Raiden II E
rabiolep	mame	Rabio Lepus (Japan)
rachero	mame	Racing Hero (FD1094 317-0144)
racherod	mame	Racing Hero (FD1094 317-0144 decrypted)
racingb	mame	Racing Beat (World)
racingbj	mame	Racing Beat (Japan)
rackemup	mame	Rack 'em Up (program code L)
racknrol	mame	Rack + Roll
radarscp	mame	Radar Scope
radarscp1	mame	Radar Scope (TRS01)
radrad	mame	Radical Radial (US)
radradj	mame	Radical Radial (Japan)
raflesia	mame	Rafflesia (315-5162)
ragnagrd	neogeo	Ragnagard / Shin-Oh-Ken
ragtime	mame	The Great Ragtime Show (Japan v1.5, 92.12.07)
ragtimea	mame	The Great Ragtime Show (Japan v1.3, 92.11.26)
raiden	mame	Raiden (set 1)
raiden2	mame	Raiden II (US, set 1)
raiden2dx	mame	Raiden II (harder, Raiden DX Hardware)
raiden2e	mame	Raiden II (Easy Version, Korea?)
raiden2ea	mame	Raiden II (Easy Version, Japan?)
raiden2eg	mame	Raiden II (Easy Version, Germany)
raiden2eu	mame	Raiden II (Easy Version, US set 2)
raiden2eua	mame	Raiden II (Easy Version, US set 1)
raiden2f	mame	Raiden II (France)
raiden2g	mame	Raiden II (Germany)
raiden2hk	mame	Raiden II (Hong Kong)
raiden2i	mame	Raiden II (Italy)
raiden2j	mame	Raiden II (Japan)
raiden2nl	mame	Raiden II (Holland)
raiden2sw	mame	Raiden II (Switzerland)
raiden2u	mame	Raiden II (US, set 2)
raidena	mame	Raiden (set 2)
raidenb	mame	Raiden (set 3, Alternate hardware)
raidendx	mame	Raiden DX (UK)
raidendxa1	mame	Raiden DX (Hong Kong, set 1)
raidendxa2	mame	Raiden DX (Hong Kong, set 2)
raidendxch	mame	Raiden DX (China)
raidendxg	mame	Raiden DX (Germany)
raidendxj	mame	Raiden DX (Japan, set 1)
raidendxja	mame	Raiden DX (Japan, set 2)
raidendxk	mame	Raiden DX (Korea)
raidendxnl	mame	Raiden DX (Holland)
raidendxpt	mame	Raiden DX (Portugal)
raidendxu	mame	Raiden DX (US)
raidenk	mame	Raiden (Korea)
raidenkb	mame	Raiden (Korea, bootleg)
raident	mame	Raiden (Taiwan)
raidenu	mame	Raiden (US, set 1)
raidenua	mame	Raiden (US, set 2, SEI8904 + SEI9008 PCBs)
raiders5	mame	Raiders5
raiders5t	mame	Raiders5 (Japan)
raiga	mame	Raiga - Strato Fighter (Japan)
raimais	mame	Raimais (World)
raimaisj	mame	Raimais (Japan)
raimaisjo	mame	Raimais (Japan, first revision)
rallybik	mame	Rally Bike / Dash Yarou
rallyx	mame	Rally X (32k Ver.?)
rallyxa	mame	Rally X
rallyxm	mame	Rally X (Midway)
rallyxmr	mame	Rally X (Model Racing)
rambo3	mame	Rambo III (Europe)
rambo3p	mame	Rambo III (Europe, Proti?)
rambo3u	mame	Rambo III (US)
rampage	mame	Rampage (Rev 3, 8/27/86)
rampage2	mame	Rampage (Rev 2, 8/4/86)
rampart	mame	Rampart (Trackball)
rampart2p	mame	Rampart (Joystick)
rampartj	mame	Rampart (Japan, Joystick)
raphero	mame	Rapid Hero (NMK)
rapheroa	mame	Rapid Hero (Media Trading)
rascot	mame	Royal Ascot
rastan	mame	Rastan (World Rev 1)
rastana	mame	Rastan (World)
rastanb	mame	Rastan (World, Earlier code base)
rastanu	mame	Rastan (US Rev 1)
rastanua	mame	Rastan (US)
rastanub	mame	Rastan (US, Earlier code base)
rastsag2	mame	Rastan Saga 2 (Japan)
rastsaga	mame	Rastan Saga (Japan Rev 1)
rastsagaa	mame	Rastan Saga (Japan Rev 1, Earlier code base)
rastsagab	mame	Rastan Saga (Japan, Earlier code base)
rayforce	mame	Ray Force (Ver 2.3A 1994/01/20)
rayforcej	mame	Ray Force (Ver 2.3J 1994/01/20)
razmataz	mame	Razzmatazz
rbff1	neogeo	Real Bout Fatal Fury / Real Bout Garou Densetsu (NGM-0
rbff1a	neogeo	Real Bout Fatal Fury / Real Bout Garou Densetsu (bug f
rbff1k	neogeo	Real Bout Fatal Fury / Real Bout Garou Densetsu (Korea
rbff2	neogeo	Real Bout Fatal Fury 2 - The Newcomers / Real Bout Gar
rbff2h	neogeo	Real Bout Fatal Fury 2 - The Newcomers / Real Bout Gar
rbff2k	neogeo	Real Bout Fatal Fury 2 - The Newcomers (Korean release
rbffspec	neogeo	Real Bout Fatal Fury Special / Real Bout Garou Densets
rbffspeck	neogeo	Real Bout Fatal Fury Special / Real Bout Garou Densets
rbisland	mame	Rainbow Islands (new version)
rbislande	mame	Rainbow Islands (Extra)
rbislando	mame	Rainbow Islands (old version)
rbtapper	mame	Tapper (Root Beer)
rchase	mame	Rail Chase (World)
rchasej	mame	Rail Chase (Japan)
rdaction	mame	Rad Action / NinjaKun Ashura no Shou
reaktor	mame	Reaktor (Track & Field conversion)
recalh	mame	Recalhorn (Ver 1.42J 1994/5/11) (Prototype)
recordbr	mame	Recordbreaker (World)
redbaron	mame	Red Baron (Revised Hardware)
redbarona	mame	Red Baron
redearth	cps3	Red Earth / War-Zard (Euro 961121)
redearthr1	cps3	Red Earth / War-Zard (Euro 961023)
redfoxwp2	mame	Red Fox War Planes II (China, set 1)
redfoxwp2a	mame	Red Fox War Planes II (China, set 2)
redhawk	mame	Red Hawk (US)
redhawkb	mame	Vince (Redhawk bootleg)
redhawke	mame	Red Hawk (Excellent Co., Ltd)
redhawkg	mame	Red Hawk (Greece)
redhawki	mame	Red Hawk (Italy)
redhawkk	mame	Red Hawk (Korea)
redrobin	mame	Red Robin
redufo	mame	Defend the Terra Attack on the Red UFO
redufob	mame	Defend the Terra Attack on the Red UFO (bootleg)
regulus	mame	Regulus (315-5033, rev. A)
reguluso	mame	Regulus (315-5033)
regulusu	mame	Regulus (not encrypted)
relief	mame	Relief Pitcher (set 1, 07 Jun 1992 / 28 May 1992)
relief2	mame	Relief Pitcher (set 2, 26 Apr 1992 / 08 Apr 1992)
relief3	mame	Relief Pitcher (set 3, 10 Apr 1992 / 08 Apr 1992)
renegade	mame	Renegade (US)
repulse	mame	Repulse
rescue	mame	Rescue
retofinv	mame	Return of the Invaders
retofinvb	mame	Return of the Invaders (bootleg w/MCU)
retofinvb1	mame	Return of the Invaders (bootleg no MCU set 1)
retofinvb2	mame	Return of the Invaders (bootleg no MCU set 2)
retofinvb3	mame	Return of the Invaders (bootleg no MCU set 3)
revenger	mame	Revenger '84 (set 2)
revngr84	mame	Revenger '84 (set 1)
rezon	mame	Rezon
rezont	mame	Rezon (Taito)
rf2	mame	Konami RF2 - Red Fighter
ridhero	neogeo	Riding Hero (NGM-006)(NGH-006)
ridheroh	neogeo	Riding Hero (set 2)
ridingf	mame	Riding Fight (Ver 1.0O)
ridingfj	mame	Riding Fight (Ver 1.0J)
ridingfu	mame	Riding Fight (Ver 1.0A)
ridleofp	mame	Riddle of Pythagoras (Japan)
ringdest	cps2	Ring of Destruction - slammasters II (940902 Euro)
ringdesta	cps2	Ring of Destruction - slammasters II (940831 Asia)
ringdesth	cps2	Ring of Destruction - slammasters II (940902 Hispanic)
ringdstd	cps2	Ring of Destruction - slammasters II (940902 Euro Phoe
ringfgt	mame	Ring Fighter (set 1)
ringfgt2	mame	Ring Fighter (set 2)
ringohja	mame	Ring no Ohja (Japan 2 Players ver. N)
ringrage	mame	Ring Rage (Ver 2.3O 1992/08/09)
ringragej	mame	Ring Rage (Ver 2.3J 1992/08/09)
ringrageu	mame	Ring Rage (Ver 2.3A 1992/08/09)
riot	mame	Riot
riotcity	mame	Riot City (Japan)
riskchal	mame	Risky Challenge
rittam	mame	R&T (Rod-Land prototype?)
rmancp2j	cps2	Rockman: The Power Battle (950922 Japan)
rmpgwt	mame	Rampage: World Tour (rev 1.3)
rmpgwt11	mame	Rampage: World Tour (rev 1.1)
roadf	mame	Road Fighter (set 1)
roadf2	mame	Road Fighter (set 2)
roadf3	mame	Road Fighter (set 3, conversion hack on Hyper Sports P
roboarma	neogeo	Robo Army (set 2)
roboarmy	neogeo	Robo Army (set 1)
robocop	mame	Robocop (World revision 4)
robocop2	mame	Robocop 2 (Euro/Asia v0.10)
robocop2j	mame	Robocop 2 (Japan v0.11)
robocop2u	mame	Robocop 2 (US v0.10)
robocop2ua	mame	Robocop 2 (US v0.05)
robocopb	mame	Robocop (World bootleg)
robocopb2	mame	Robocop (Red Corporation World bootleg)
robocopi	neogeo	Robocop (Intro demo)
robocopj	mame	Robocop (Japan)
robocopu	mame	Robocop (US revision 1)
robocopu0	mame	Robocop (US revision 0)
robocopw	mame	Robocop (World revision 3)
robokid	mame	Atomic Robo-kid (World, Type-2)
robokidj	mame	Atomic Robo-kid (Japan, Type-2, set 1)
robokidj2	mame	Atomic Robo-kid (Japan, Type-2, set 2)
robokidj3	mame	Atomic Robo-kid (Japan)
robotron	mame	Robotron: 2084 (Solid Blue label)
robotron12	mame	Robotron: 2084 (2012 'wave 201 start' hack)
robotron87	mame	Robotron: 2084 (1987 'shot-in-the-corner' bugfix)
robotrontd	mame	Robotron: 2084 (2015 'tie-die V2' hack)
robotronyo	mame	Robotron: 2084 (Yellow/Orange label)
robowres	mame	Robo Wres 2001
rockclim	mame	Rock Climber
rockduck	mame	Rock Duck (prototype?)
rockman2j	cps2	Rockman 2 - the power fighters (960708 Japan)
rockmanj	cps1	Rockman - the power battle (950922 Japan)
rockn	mame	Rock'n Tread (Japan)
rockn2	mame	Rock'n Tread 2 (Japan)
rockn3	mame	Rock'n 3 (Japan)
rockn4	mame	Rock'n 4 (Japan, prototype)
rockna	mame	Rock'n Tread (Japan, alternate)
rockrage	mame	Rock'n Rage (World)
rockragea	mame	Rock'n Rage (prototype?)
rockragej	mame	Koi no Hotrock (Japan)
rocktris	mame	Rock Tris
rocktrv2	mame	MTV Rock-N-Roll Trivia (Part 2)
rocnrope	mame	Roc'n Rope
rocnropek	mame	Roc'n Rope (Kosuka)
rodland	mame	Rod-Land (World, set 1)
rodlanda	mame	Rod-Land (World, set 2)
rodlandj	mame	Rod-Land (Japan)
rodlandjb	mame	Rod-Land (Japan bootleg)
rohga	mame	Rohga Armor Force (Asia/Europe v5.0)
rohga1	mame	Rohga Armor Force (Asia/Europe v3.0 Set 1)
rohga2	mame	Rohga Armor Force (Asia/Europe v3.0 Set 2)
rohgah	mame	Rohga Armor Force (Hong Kong v3.0)
rohgau	mame	Rohga Armor Force (US v1.0)
roishtar	mame	The Return of Ishtar
rolcrush	mame	Rolling Crush (version 1.07.E - 1999/02/11, Trust lice
rolcrusha	mame	Rolling Crush (version 1.03.E - 1999/01/29)
rollace	mame	Roller Aces (set 1)
rollace2	mame	Roller Aces (set 2)
rollerg	mame	Rollergames (US)
rollergj	mame	Rollergames (Japan)
rompers	mame	Rompers (Japan, new version (Rev B))
romperso	mame	Rompers (Japan, old version)
ropeman	mame	Ropeman (bootleg of Roc'n Rope)
rotd	neogeo	Rage of the Dragons (NGM-264?)
rotdh	neogeo	Rage of the Dragons (NGH-2640)
roundup	mame	Round-Up
route16	mame	Route 16 (set 1)
route16a	mame	Route 16 (set 2)
route16bl	mame	Route 16 (bootleg)
route16c	mame	Route 16 (set 3, bootleg?)
routex	mame	Route X (bootleg)
rpatrol	mame	River Patrol (Orca)
rpatrolb	mame	River Patrol (bootleg)
rpunch	mame	Rabbit Punch (US)
rshark	mame	R-Shark
rthun2	mame	Rolling Thunder 2
rthun2j	mame	Rolling Thunder 2 (Japan)
rthunder	mame	Rolling Thunder (rev 3)
rthunder0	mame	Rolling Thunder (oldest)
rthunder1	mame	Rolling Thunder (rev 1)
rthunder2	mame	Rolling Thunder (rev 2)
rthundera	mame	Rolling Thunder (rev 3, hack)
rtriv	mame	Romar Triv
rtype	mame	R-Type (World)
rtype2	mame	R-Type II
rtype2j	mame	R-Type II (Japan)
rtype2jc	mame	R-Type II (Japan, revision C)
rtypeb	mame	R-Type (World bootleg)
rtypej	mame	R-Type (Japan)
rtypejp	mame	R-Type (Japan prototype)
rtypeleo	mame	R-Type Leo (World)
rtypeleoj	mame	R-Type Leo (Japan)
rtypeu	mame	R-Type (US)
rugrats	mame	Rug Rats
rumba	mame	Rumba Lumber
runark	mame	Runark (Japan)
rundeep	mame	Run Deep
rushatck	mame	Rush'n Attack (US)
rushcrsh	mame	Rush & Crash (Japan)
rygar	mame	Rygar (US set 1)
rygar2	mame	Rygar (US set 2)
rygar3	mame	Rygar (US set 3 Old Version)
rygarb	mame	Rygar (US, bootleg)
rygarj	mame	Argus no Senshi (Japan)
ryorioh	mame	Gourmet Battle Quiz Ryohrioh CooKing (Japan)
ryouran	mame	VS Mahjong Otome Ryouran
ryujin	mame	Ryu Jin (Japan)
ryukendn	mame	Ninja Ryukenden (Japan, set 1)
ryukendna	mame	Ninja Ryukenden (Japan, set 2)
ryukyu	mame	RyuKyu (Japan, FD1094 317-5023)
ryukyud	mame	RyuKyu (Japan, FD1094 317-5023 decrypted)
s1945	mame	Strikers 1945
s1945a	mame	Strikers 1945 (Alt)
s1945ii	mame	Strikers 1945 II
s1945iii	mame	Strikers 1945 III (World) / Strikers 1999 (Japan)
s1945j	mame	Strikers 1945 (Japan)
s1945k	mame	Strikers 1945 (Korea)
s1945n	mame	Strikers 1945 (World, unprotected)
s1945nj	mame	Strikers 1945 (Japan, unprotected)
s1945p	neogeo	Strikers 1945 Plus
sabotenb	mame	Saboten Bombers (set 1)
sabotenba	mame	Saboten Bombers (set 2)
sadari	mame	Sadari
safari	mame	Safari (set 1)
safaria	mame	Safari (set 2, bootleg?)
safarir	mame	Safari Rally (World)
safarirj	mame	Safari Rally (Japan)
sailormn	mame	Pretty Soldier Sailor Moon (ver. 95/03/22B, Europe)
sailormnh	mame	Pretty Soldier Sailor Moon (ver. 95/03/22B, Hong Kong)
sailormnj	mame	Pretty Soldier Sailor Moon (ver. 95/03/22B, Japan)
sailormnk	mame	Pretty Soldier Sailor Moon (ver. 95/03/22B, Korea)
sailormnn	mame	Pretty Soldier Sailor Moon (ver. 95/03/22, Europe)
sailormnnh	mame	Pretty Soldier Sailor Moon (ver. 95/03/22, Hong Kong)
sailormnnj	mame	Pretty Soldier Sailor Moon (ver. 95/03/22, Japan)
sailormnnk	mame	Pretty Soldier Sailor Moon (ver. 95/03/22, Korea)
sailormnnt	mame	Pretty Soldier Sailor Moon (ver. 95/03/22, Taiwan)
sailormnnu	mame	Pretty Soldier Sailor Moon (ver. 95/03/22, USA)
sailormno	mame	Pretty Soldier Sailor Moon (ver. 95/03/21, Europe)
sailormnoh	mame	Pretty Soldier Sailor Moon (ver. 95/03/21, Hong Kong)
sailormnoj	mame	Pretty Soldier Sailor Moon (ver. 95/03/21, Japan)
sailormnok	mame	Pretty Soldier Sailor Moon (ver. 95/03/21, Korea)
sailormnot	mame	Pretty Soldier Sailor Moon (ver. 95/03/21, Taiwan)
sailormnou	mame	Pretty Soldier Sailor Moon (ver. 95/03/21, USA)
sailormnt	mame	Pretty Soldier Sailor Moon (ver. 95/03/22B, Taiwan)
sailormnu	mame	Pretty Soldier Sailor Moon (ver. 95/03/22B, USA)
saiyugou	mame	Sai Yu Gou Ma Roku (Japan)
saiyugoub1	mame	Sai Yu Gou Ma Roku (Japan bootleg 1)
saiyugoub2	mame	Sai Yu Gou Ma Roku (Japan bootleg 2)
salamand	mame	Salamander (version D)
salamandj	mame	Salamander (version J)
samesame	mame	Same! Same! Same! (1P set)
samesame2	mame	Same! Same! Same! (2P set)
samesamenh	mame	Same! Same! Same! (1P set, NEW VER! hack)
samsh5sp	neogeo	Samurai Shodown V Special / Samurai Spirits Zero Speci
samsh5sph	neogeo	Samurai Shodown V Special / Samurai Spirits Zero Speci
samsh5spho	neogeo	Samurai Shodown V Special / Samurai Spirits Zero Speci
samsho	neogeo	Samurai Shodown / Samurai Spirits (NGM-045)
samsho2	neogeo	Samurai Shodown II / Shin Samurai Spirits - Haohmaru j
samsho2k	neogeo	Saulabi Spirits / Jin Saulabi Tu Hon (Korean release o
samsho2ka	neogeo	Saulabi Spirits / Jin Saulabi Tu Hon (Korean release o
samsho2sp	neogeo	Samurai Shodown II / Shin Samurai Spirits - Haohmaru j
samsho3	neogeo	Samurai Shodown III / Samurai Spirits - Zankurou Musou
samsho3h	neogeo	Samurai Shodown III / Samurai Spirits - Zankurou Musou
samsho4	neogeo	Samurai Shodown IV - Amakusa's Revenge / Samurai Spiri
samsho4k	neogeo	Pae Wang Jeon Seol / Legend of a Warrior (Korean censo
samsho4sp	neogeo	Samurai Shodown IV - Amakusa's Revenge / Samurai Spiri
samsho5	neogeo	Samurai Shodown V / Samurai Spirits Zero (NGM-2700, se
samsho5a	neogeo	Samurai Shodown V / Samurai Spirits Zero (NGM-2700, se
samsho5b	neogeo	Samurai Shodown V / Samurai Spirits Zero (bootleg)
samsho5h	neogeo	Samurai Shodown V / Samurai Spirits Zero (NGH-2700)
samsho5x	neogeo	Samurai Shodown V / Samurai Spirits Zero (hack of XBOX
samshoa	neogeo	Samurai Shodown / Samurai Spirits (NGM-045, alternate
samshoh	neogeo	Samurai Shodown / Samurai Spirits (NGH-045)
samurai	mame	Samurai
samuraia	mame	Samurai Aces (World)
sandscrp	mame	Sand Scorpion
sandscrpa	mame	Sand Scorpion (Earlier)
sandscrpb	mame	Sand Scorpion (Chinese Title Screen, Revised Hardware)
sarge	mame	Sarge
sarukani	mame	Saru-Kani-Hamu-Zou (Japan)
sasuke	mame	Sasuke vs. Commander
satansat	mame	Satan of Saturn (set 1)
satansata	mame	Satan of Saturn (set 2)
satansatind	mame	Satan of Saturn (Inder S.A., bootleg)
sathena	mame	Super Athena (bootleg)
saturnzi	mame	Saturn
sauro	mame	Sauro
saurob	mame	Sauro (bootleg)
saurop	mame	Sauro (Philko license)
saurorr	mame	Sauro (Recreativos Real S.A. license)
savagere	neogeo	Savage Reign / Fu'un Mokushiroku - kakutou sousei
savgbees	mame	Savage Bees
sbagman	mame	Super Bagman
sbagmani	mame	Super Bagman (Itisa, Spain)
sbagmans	mame	Super Bagman (Stern Electronics)
sbasebal	mame	Super Champion Baseball (US)
sbasebalj	mame	Super Champion Baseball (Japan)
sbasketb	mame	Super Basketball (version I, encrypted)
sbaskete	mame	Super Basketball (version E, encrypted)
sbasketg	mame	Super Basketball (version G, encrypted)
sbasketh	mame	Super Basketball (version H, unprotected)
sbbros	mame	Super Buster Bros. (USA 901001)
sbishi	mame	Super Bishi Bashi Championship (ver JAA, 2 Players)
sbishik	mame	Super Bishi Bashi Championship (ver KAB, 3 Players)
sbishika	mame	Super Bishi Bashi Championship (ver KAA, 3 Players)
sbm	mame	Sonic Blast Man (US)
sbmj	mame	Sonic Blast Man (Japan)
sboblbobl	mame	Super Bobble Bobble (bootleg, set 1)
sboblbobla	mame	Super Bobble Bobble (bootleg, set 2)
sboblboblb	mame	Super Bobble Bobble (bootleg, set 3)
sboblboblc	mame	Super Bobble Bobble (bootleg)
sboblbobld	mame	Super Bobble Bobble (bootleg, set 4)
sbomber	mame	Space Bomber (ver. B)
sbombera	mame	Space Bomber
sbp	neogeo	Super Bubble Pop
sbsgomo	mame	Space Battle Ship Gomorrah
scessjoe	mame	Success Joe (World)
scfinals	mame	Super Cup Finals (Ver 2.2O 1994/01/13)
scfinalso	mame	Super Cup Finals (Ver 2.1O 1993/11/19)
schmeisr	mame	Schmeiser Robo (Japan)
sci	mame	Special Criminal Investigation (World set 1)
scia	mame	Special Criminal Investigation (World set 2)
scij	mame	Special Criminal Investigation (Japan)
scinegro	mame	Special Criminal Investigation (Negro bootleg)
scion	mame	Scion
scionc	mame	Scion (Cinematronics)
sciu	mame	Special Criminal Investigation (US)
scobra	mame	Super Cobra
scobrab	mame	Super Cobra (bootleg, set 1)
scobrae	mame	Super Cobra (Stern) (encrypted, KONATEC XC-103SS CPU)
scobrag	mame	Super Cobra (bootleg, set 2)
scobras	mame	Super Cobra (Stern)
scobrase	mame	Super Cobra (Sega)
scontra	mame	Super Contra
scontraj	mame	Super Contra (Japan)
scorpion	mame	Scorpion (set 1)
scorpiona	mame	Scorpion (set 2)
scorpionb	mame	Scorpion (set 3)
scorpionmc	mame	Scorpion (Moon Cresta hardware)
scotrsht	mame	Scooter Shooter
scramb2	mame	Scramble (bootleg)
scramblb	mame	Scramble (bootleg on Galaxian hardware)
scramble	mame	Scramble
scramblebb	mame	Scramble (bootleg?)
scramblebf	mame	Scramble (Karateko, French bootleg)
scrambler	mame	Scramble (Reben S.A. Spanish bootleg)
scrambles	mame	Scramble (Stern)
scrambp	mame	Impacto (Billport S.A., Spanish bootleg of Scramble)
scramce	mame	Scramble (Centromatic S.A., Spanish bootleg)
scrampt	mame	Scramble (Petaco S.A., Spanish bootleg)
scramrf	mame	Scramble (Recreativos Franco, Spanish bootleg)
scregg	mame	Scrambled Egg
sdfight	mame	SD Fighters (Korea)
sdgndmps	mame	SD Gundam Psycho Salamander no Kyoui
sdi	mame	SDI - Strategic Defense Initiative (Japan, newer, Syst
sdia	mame	SDI - Strategic Defense Initiative (Japan, old, System
sdib	mame	SDI - Strategic Defense Initiative (System 16B, FD1089
sdibl	mame	SDI - Strategic Defense Initiative (bootleg, original
sdibl2	mame	SDI - Strategic Defense Initiative (bootleg, set 1)
sdibl3	mame	SDI - Strategic Defense Initiative (bootleg, set 2)
sdibl4	mame	SDI - Strategic Defense Initiative (bootleg, set 3)
sdibl5	mame	SDI - Strategic Defense Initiative (bootleg, set 4)
sdibl6	mame	SDI - Strategic Defense Initiative (bootleg, set 5)
sdodgeb	neogeo	Super Dodge Ball / Kunio no Nekketsu Toukyuu Densetsu
sdungeon	mame	Space Dungeon
sdungeona	mame	Space Dungeon (larger roms)
searchar	mame	SAR - Search And Rescue (World)
searcharj	mame	SAR - Search And Rescue (Japan)
searcharu	mame	SAR - Search And Rescue (US)
searchey	mame	Search Eye (English / Korean / Japanese / Italian)
searcheya	mame	Search Eye (English / Korean)
searchp2	mame	Search Eye Plus V2.0
secretag	mame	Secret Agent (World revision 3)
secretagj	mame	Secret Agent (Japan revision 2)
sectionz	mame	Section Z (set 1)
sectionza	mame	Section Z (set 2)
sectrzon	mame	Sector Zone
seganinj	mame	Sega Ninja (315-5102)
seganinja	mame	Sega Ninja (315-5113)
seganinju	mame	Sega Ninja (not encrypted)
seicross	mame	Seicross
selfeena	mame	Sel Feena
semibase	mame	MuHanSeungBu (SemiCom Baseball) (Korea)
sengekis	mame	Sengeki Striker (Asia)
sengekisj	mame	Sengeki Striker (Japan)
sengoku	neogeo	Sengoku / Sengoku Denshou (NGM-017)(NGH-017)
sengoku2	neogeo	Sengoku 2 / Sengoku Denshou 2
sengoku3	neogeo	Sengoku 3 / Sengoku Densho 2001 (set 1)
sengoku3a	neogeo	Sengoku 3 / Sengoku Densho 2001 (Set 2)
sengoku3s	neogeo	Sengoku 3 / Sengoku Densho 2001 (Evolution 1.0, FCHT h
sengokuh	neogeo	Sengoku / Sengoku Denshou (NGH-017)(US)
senjyo	mame	Senjyo
senknow	mame	Sen-Know (Japan)
setaroul	mame	Visco Roulette
sf	mame	Street Fighter (US, set 1)
sf2	cps1	Street Fighter II - The World Warrior (910522 etc)
sf2acc	cps1	Street Fighter II' - Champion Edition (Accelerator! bo
sf2acca	cps1	Street Fighter II' - Champion Edition (Accelerator! bo
sf2accp2	cps1	Street Fighter II' - Champion Edition (Accelerator Pt.
sf2amf	cps1	Street Fighter II - Champion Edition (Alpha Magic-F bo
sf2amf2	cps1	Street Fighter II - Champion Edition (Alpha Magic-F bo
sf2amf3	cps1	Street Fighter II - Champion Edition (Alpha Magic-F bo
sf2amf4	cps1	Street Fighter II - Champion Edition (Alpha Magic-F bo
sf2amf5	cps1	Street Fighter II - Champion Edition (Alpha Magic-F bo
sf2amf6	cps1	Street Fighter II - Champion Edition (Alpha Magic-F bo
sf2amf7	cps1	Street Fighter II - Champion Edition (Alpha Magic-F bo
sf2amf8	cps1	Street Fighter II - Champion Edition (Alpha Magic-F bo
sf2b	cps1	Street Fighter II - The World Warrior (bootleg, 910214
sf2b2	cps1	Street Fighter II - The World Warrior (bootleg, 910214
sf2b3	cps1	Street Fighter II - The World Warrior (bootleg, 910214
sf2b4	cps1	Street Fighter II - The World Warrior (bootleg, 910214
sf2bhh	cps1	Street Fighter II' - Champion Edition (Hungh-Hsi bootl
sf2ce	cps1	Street Fighter II' - Champion Edition (street fighter
sf2ceb	cps1	Street Fighter II': Champion Edition (Playmark bootleg
sf2cebltw	cps1	Street Fighter II' - Champion Edition (920313 'Taiwan'
sf2ceea	cps1	Street Fighter II' - Champion Edition (street fighter
sf2ceeab2	cps1	Street Fighter II' - Champion Edition (920313 etc boot
sf2ceeab3	cps1	Street Fighter II' - Champion Edition (920313 etc boot
sf2ceeab4	cps1	Street Fighter II' - Champion Edition (920313 etc boot
sf2ceeab5	cps1	Street Fighter II' - Champion Edition (920313 etc boot
sf2ceeabl	cps1	Street Fighter II' - Champion Edition (920313 etc boot
sf2ceja	cps1	Street Fighter II' - Champion Edition (street fighter
sf2cejab2	cps1	Street Fighter II' - Champion Edition (920322 Japan bo
sf2cejabl	cps1	Street Fighter II' - Champion Edition (920322 Japan bo
sf2cejb	cps1	Street Fighter II' - Champion Edition (street fighter
sf2cejc	cps1	Street Fighter II' - Champion Edition (street fighter
sf2cet	cps1	Street Fighter II' - Champion Edition (street fighter
sf2ceua	cps1	Street Fighter II' - Champion Edition (street fighter
sf2ceuab10	cps1	Street Fighter II' - Champion Edition (920313 USA boot
sf2ceuab2	cps1	Street Fighter II' - Champion Edition (920313 USA boot
sf2ceuab3	cps1	Street Fighter II' - Champion Edition (920313 USA boot
sf2ceuab4	cps1	Street Fighter II' - Champion Edition (920313 USA boot
sf2ceuab5	cps1	Street Fighter II' - Champion Edition (920313 USA boot
sf2ceuab6	cps1	Street Fighter II' - Champion Edition (920313 USA boot
sf2ceuab7	cps1	Street Fighter II' - Champion Edition (920313 USA boot
sf2ceuab8	cps1	Street Fighter II' - Champion Edition (920313 USA boot
sf2ceuab9	cps1	Street Fighter II' - Champion Edition (920313 USA boot
sf2ceuabl	cps1	Street Fighter II' - Champion Edition (920313 USA boot
sf2ceub	cps1	Street Fighter II' - Champion Edition (street fighter
sf2ceuc	cps1	Street Fighter II' - Champion Edition (street fighter
sf2ceucbl	cps1	Street Fighter II' - Champion Edition (920803 USA boot
sf2ceupl	cps1	Street Fighter II' - Champion Edition (UPL bootleg)
sf2dkot2	cps1	Street Fighter II' - Champion Edition (Double K.O. Tur
sf2dongb	cps1	Street Fighter II': Champion Edition (Dongfang Bubai p
sf2ea	cps1	Street Fighter II - The World Warrior (910204 etc)
sf2eb	cps1	Street Fighter II - The World Warrior (910214 etc)
sf2ebbl	cps1	Street Fighter II - The World Warrior (TAB Austria boo
sf2ebbl2	cps1	Street Fighter II - The World Warrior (TAB Austria boo
sf2ebbl3	cps1	Street Fighter II - The World Warrior (TAB Austria boo
sf2ed	cps1	Street Fighter II - The World Warrior (910318 etc)
sf2ee	cps1	Street Fighter II - The World Warrior (910228 etc)
sf2em	cps1	Street Fighter II - The World Warrior (910129 etc)
sf2en	cps1	Street Fighter II - The World Warrior (910204 etc, con
sf2hf	cps1	Street Fighter II' - Hyper Fighting (street fighter 2'
sf2hfj	cps1	Street Fighter II' Turbo - Hyper Fighting (street figh
sf2hfjb	cps1	Street Fighter II' Turbo - Hyper Fighting (bootleg set
sf2hfjb2	cps1	Street Fighter II' Turbo - Hyper Fighting (bootleg set
sf2hfu	cps1	Street Fighter II' - Hyper Fighting (street fighter 2'
sf2hfub	cps1	Street Fighter II' - Hyper Fighting (bootleg set 3, st
sf2j	cps1	Street Fighter II - The World Warrior (911210 Japan, C
sf2j17	cps1	Street Fighter II - The World Warrior (911210 Japan, C
sf2ja	cps1	Street Fighter II - The World Warrior (910214 Japan)
sf2jc	cps1	Street Fighter II - The World Warrior (910306 Japan)
sf2jf	cps1	Street Fighter II - The World Warrior (910411 Japan)
sf2jh	cps1	Street Fighter II - The World Warrior (910522 Japan)
sf2jl	cps1	Street Fighter II - The World Warrior (920312 Japan)
sf2jla	cps1	Street Fighter II - The World Warrior (911210 Japan, r
sf2koryu	cps1	Street Fighter II' - Xiang Long (bootleg set 1, 811102
sf2koryu2	cps1	Street Fighter II' - Xiang Long (bootleg set 2, 811102
sf2koryu3	cps1	Street Fighter II' - Xiang Long (bootleg set 3, 811102
sf2level	cps1	Street Fighter II' - Champion Edition (Level Select bo
sf2md	cps1	Street Fighter II' - Champion Edition (Magic Delta, bo
sf2mdt	cps1	Street Fighter II' - Magic Delta Turbo (bootleg set 1
sf2mdta	cps1	Street Fighter II' - Magic Delta Turbo (bootleg set 2
sf2mdtb	cps1	Street Fighter II' - Magic Delta Turbo (bootleg set 3
sf2mdtc	cps1	Street Fighter II' - Magic Delta Turbo (bootleg set 4
sf2mega	cps1	Street Fighter II' - Champion Edition (Mega Co bootleg
sf2mega2	cps1	Street Fighter II' - Champion Edition (Mega Co bootleg
sf2qp1	cps1	Street Fighter II - The World Warrior (Quicken Pt-I bo
sf2qp2	cps1	Street Fighter II - The World Warrior (Quicken bootleg
sf2rb	cps1	Street Fighter II' - Champion Edition (Rainbow bootleg
sf2rb2	cps1	Street Fighter II' - Champion Edition (Rainbow bootleg
sf2rb3	cps1	Street Fighter II' - Champion Edition (Rainbow bootleg
sf2rb4	cps1	Street Fighter II' - Champion Edition (Rainbow bootleg
sf2rb5	cps1	Street Fighter II' - Champion Edition (Rainbow bootleg
sf2rb6	cps1	Street Fighter II' - Champion Edition (Rainbow bootleg
sf2red	cps1	Street Fighter II' - Champion Edition (Red Wave bootle
sf2red2	cps1	Street Fighter II' - Champion Edition (Red Wave bootle
sf2redp2	cps1	Street Fighter II' - Champion Edition (Red Wave PtII b
sf2rules	cps1	Street Fighter II - The World Warrior (bootleg with ru
sf2sl73a	cps1	Street Fighter II' - Champion Edition (Sheng Long v 7.
sf2stt	cps1	Street Fighter II - The World Warrior (STT, TAB Austri
sf2thndr	cps1	Street Fighter II - The World Warrior (Thunder Edition
sf2thndr2	cps1	Street Fighter II - The World Warrior (Thunder Edition
sf2tlona	cps1	Street Fighter II' - Champion Edition (Tu Long bootleg
sf2tlonb	cps1	Street Fighter II' - Champion Edition (Tu Long bootleg
sf2tlonc	cps1	Street Fighter II' - Champion Edition (Tu Long bootleg
sf2ua	cps1	Street Fighter II - The World Warrior (910206 USA)
sf2ub	cps1	Street Fighter II - The World Warrior (910214 USA)
sf2uc	cps1	Street Fighter II - The World Warrior (910306 USA)
sf2ud	cps1	Street Fighter II - The World Warrior (910318 USA)
sf2ue	cps1	Street Fighter II - The World Warrior (910228 USA)
sf2uf	cps1	Street Fighter II - The World Warrior (910411 USA)
sf2ug	cps1	Street Fighter II - The World Warrior (910522 USA, rev
sf2uh	cps1	Street Fighter II - The World Warrior (910522 USA, rev
sf2ui	cps1	Street Fighter II - The World Warrior (910522 USA, rev
sf2uk	cps1	Street Fighter II - The World Warrior (911101 USA)
sf2v004	cps1	Street Fighter II' - Champion Edition (V004 bootleg se
sf2v0042	cps1	Street Fighter II' - Champion Edition (V004 bootleg se
sf2v0043	cps1	Street Fighter II' - Champion Edition (V004 bootleg se
sf2yyc	cps1	Street Fighter II' - Champion Edition (YYC bootleg set
sf2yyc2	cps1	Street Fighter II' - Champion Edition (YYC bootleg set
sfa	cps2	Street Fighter Alpha - warriors' dreams (950727 Euro)
sfa2	cps2	Street Fighter Alpha 2 (960229 Euro)
sfa2u	cps2	Street Fighter Alpha 2 (960430 USA)
sfa2ur1	cps2	Street Fighter Alpha 2 (960306 USA)
sfa3	cps2	Street Fighter Alpha 3 (980904 Euro)
sfa3b	cps2	Street Fighter Alpha 3 (980629 Brazil)
sfa3h	cps2	Street Fighter Alpha 3 (980904 Hispanic)
sfa3hr1	cps2	Street Fighter Alpha 3 (980629 Hispanic)
sfa3u	cps2	Street Fighter Alpha 3 (980904 USA)
sfa3ud	cps2	Street Fighter Alpha 3 (980904 USA Phoenix Edition)
sfa3ur1	cps2	Street Fighter Alpha 3 (980629 USA)
sfa3us	cps2	Street Fighter Alpha 3 (980616 USA, SAMPLE Version)
sfad	cps2	Street Fighter Alpha - warriors' dreams (950727 Euro P
sfan	mame	Street Fighter (World, pneumatic buttons)
sfar1	cps2	Street Fighter Alpha - warriors' dreams (950718 Euro)
sfar2	cps2	Street Fighter Alpha - warriors' dreams (950627 Euro)
sfar3	cps2	Street Fighter Alpha - warriors' dreams (950605 Euro)
sfau	cps2	Street Fighter Alpha - warriors' dreams (950627 USA)
sfaud	cps2	Street Fighter Alpha - warriors' dreams (950727 USA Ph
sfiii	cps3	Street Fighter III: New Generation (Euro 970204)
sfiii2	cps3	Street Fighter III 2nd Impact: Giant Attack (USA 97093
sfiii2j	cps3	Street Fighter III 2nd Impact: Giant Attack (Japan 970
sfiii2n	cps3	Street Fighter III 2nd Impact: Giant Attack (Asia 9709
sfiii3	cps3	Street Fighter III 3rd Strike: Fight for the Future (E
sfiii3j	cps3	Street Fighter III 3rd Strike: Fight for the Future (J
sfiii3jr1	cps3	Street Fighter III 3rd Strike: Fight for the Future (J
sfiii3n	cps3	Street Fighter III 3rd Strike: Fight for the Future (J
sfiii3nr1	cps3	Street Fighter III 3rd Strike: Fight for the Future (J
sfiii3r1	cps3	Street Fighter III 3rd Strike: Fight for the Future (E
sfiii3u	cps3	Street Fighter III 3rd Strike: Fight for the Future (U
sfiii3ur1	cps3	Street Fighter III 3rd Strike: Fight for the Future (U
sfiiia	cps3	Street Fighter III: New Generation (Asia 970204)
sfiiih	cps3	Street Fighter III: New Generation (Hispanic 970204)
sfiiij	cps3	Street Fighter III: New Generation (Japan 970204)
sfiiin	cps3	Street Fighter III: New Generation (Asia 970204, NO CD
sfiiina	cps3	Street Fighter III: New Generation (Asia 970204, NO CD
sfiiiu	cps3	Street Fighter III: New Generation (USA 970204)
sfj	mame	Street Fighter (Japan) (protected)
sfjan	mame	Street Fighter (Japan, pneumatic buttons)
sformula	mame	Super Formula (Japan)
sfp	mame	Street Fighter (Prototype)
sfposeid	mame	Sea Fighter Poseidon
sftm	mame	Street Fighter: The Movie (v1.12)
sftm110	mame	Street Fighter: The Movie (v1.10)
sftm111	mame	Street Fighter: The Movie (v1.11)
sftmj112	mame	Street Fighter: The Movie (v1.12N, Japan)
sfua	mame	Street Fighter (US set 2) (protected)
sfw	mame	Street Fighter (World) (protected)
sfx	mame	SF-X
sfz2a	cps2	Street Fighter Zero 2 (960227 Asia)
sfz2ad	cps2	Street Fighter Zero 2 (960227 Asia Phoenix Edition)
sfz2al	cps2	Street Fighter Zero 2 Alpha (960826 Asia)
sfz2alb	cps2	Street Fighter Zero 2 Alpha (960813 Brazil)
sfz2ald	cps2	Street Fighter Zero 2 Alpha (960826 Asia Phoenix Editi
sfz2alh	cps2	Street Fighter Zero 2 Alpha (960813 Hispanic)
sfz2alj	cps2	Street Fighter Zero 2 Alpha (960805 Japan)
sfz2b	cps2	Street Fighter Zero 2 (960531 Brazil)
sfz2br1	cps2	Street Fighter Zero 2 (960304 Brazil)
sfz2h	cps2	Street Fighter Zero 2 (960304 Hispanic)
sfz2j	cps2	Street Fighter Zero 2 (960430 Japan)
sfz2jd	cps2	Street Fighter Zero 2 (960227 Japan Phoenix Edition)
sfz2jr1	cps2	Street Fighter Zero 2 (960227 Japan)
sfz2n	cps2	Street Fighter Zero 2 (960229 Oceania)
sfz3a	cps2	Street Fighter Zero 3 (980904 Asia)
sfz3ar1	cps2	Street Fighter Zero 3 (980701 Asia)
sfz3j	cps2	Street Fighter Zero 3 (980904 Japan)
sfz3jr1	cps2	Street Fighter Zero 3 (980727 Japan)
sfz3jr2	cps2	Street Fighter Zero 3 (980629 Japan)
sfz3jr2d	cps2	Street Fighter Zero 3 (980629 Japan Phoenix Edition)
sfza	cps2	Street Fighter Zero (950627 Asia)
sfzar1	cps2	Street Fighter Zero (950605 Asia)
sfzb	cps2	Street Fighter Zero (951109 Brazil)
sfzbr1	cps2	Street Fighter Zero (950727 Brazil)
sfzch	cps1	Street Fighter Zero (CPS Changer, 951020 Japan)
sfzh	cps2	Street Fighter Zero (950718 Hispanic)
sfzhr1	cps2	Street Fighter Zero (950627 Hispanic)
sfzj	cps2	Street Fighter Zero (950727 Japan)
sfzjr1	cps2	Street Fighter Zero (950627 Japan)
sfzjr2	cps2	Street Fighter Zero (950605 Japan)
sgemf	cps2	Super Gem Fighter Mini Mix (970904 USA)
sgemfa	cps2	Super Gem Fighter Mini Mix (970904 Asia)
sgemfd	cps2	Super Gem Fighter Mini Mix (970904 USA Phoenix Edition
sgemfh	cps2	Super Gem Fighter Mini Mix (970904 Hispanic)
sgladiat	mame	Gladiator 1984
sgunner	mame	Steel Gunner (Rev B)
sgunner2	mame	Steel Gunner 2 (US)
sgunner2j	mame	Steel Gunner 2 (Japan, Rev A)
sgunnerj	mame	Steel Gunner (Japan)
sgyxz	cps1	Sangokushi II: Sanguo Yingxiong Zhuan (Chinese bootleg
shackled	mame	Shackled (US)
shadfrce	mame	Shadow Force (World, Version 3)
shadfrcej	mame	Shadow Force (Japan, Version 2)
shadfrceu	mame	Shadow Force (US, Version 2)
shadowld	mame	Shadowland (YD3)
shadoww	mame	Shadow Warriors (World, set 1)
shadowwa	mame	Shadow Warriors (World, set 2)
shangon	mame	Super Hang-On (sitdown/upright, unprotected)
shangon1	mame	Super Hang-On (mini ride-on, FD1089B 317-0034)
shangon2	mame	Super Hang-On (mini ride-on, Rev A, FD1089B 317-0034)
shangon3	mame	Super Hang-On (sitdown/upright, FD1089B 317-0034)
shangon3d	mame	Super Hang-On (sitdown/upright, FD1089B 317-0034 decry
shangoneh	mame	Super Hang-On (sitdown/upright, unprotected) (Enhanced
shangonho	mame	Super Hang-On (Hang-On conversion, Japan, FD1094 317-0
shangonle	mame	Limited Edition Hang-On
shangonleeh	mame	Limited Edition Hang-On (Enhanced Edition v2.0.2)
shangonrb	mame	Super Hang-On (Hang-On conversion, bootleg)
shangonrb2	mame	Super Hang-On (Hang-On conversion, Beta bootleg)
shangonro	mame	Super Hang-On (Hang-On conversion, ride-on, Japan, FD1
shaolinb	mame	Shao-lin's Road (set 2)
shaolins	mame	Shao-lin's Road (set 1)
sharrier	mame	Space Harrier (Rev A, 8751 315-5163A)
sharrier1	mame	Space Harrier (8751 315-5163)
shdancbl	mame	Shadow Dancer (bootleg)
shdancer	mame	Shadow Dancer (set 3, US)
shdancer1	mame	Shadow Dancer (set 1)
shdancerj	mame	Shadow Dancer (set 2, Japan)
shinfz	mame	Shinobi / FZ-2006 (Korean System 16 bootleg) (ISG Sele
shinobi	mame	Shinobi (set 6, System 16A, unprotected)
shinobi1	mame	Shinobi (set 1, System 16A, FD1094 317-0050)
shinobi1d	mame	Shinobi (set 1, System 16A, FD1094 317-0050 decrypted)
shinobi2	mame	Shinobi (set 2, System 16B, FD1094 317-0049)
shinobi2d	mame	Shinobi (set 2, System 16B, FD1094 317-0049 decrypted)
shinobi3	mame	Shinobi (set 3, System 16B, MC-8123B 317-0054)
shinobi4	mame	Shinobi (set 4, System 16B, MC-8123B 317-0054)
shinobi5	mame	Shinobi (set 5, System 16B, unprotected)
shinobi6	mame	Shinobi (set 6, System 16B, unprotected)
shinoblb	mame	Shinobi (beta bootleg, System 16A)
shinobls	mame	Shinobi (Star bootleg, System 16A)
shippumd	mame	Shippu Mahou Daisakusen - Kingdom Grandprix
shisen	mame	Shisensho - Joshiryo-Hen (Japan)
shisen2	mame	Shisensho II
shocking	mame	Shocking
shocktr2	neogeo	Shock Troopers - 2nd Squad
shocktro	neogeo	Shock Troopers (set 1)
shocktroa	neogeo	Shock Troopers (set 2)
shogwarr	mame	Shogun Warriors (World)
shogwarrk	mame	Shogun Warriors (Korea?)
shogwarru	mame	Shogun Warriors (US)
shollow	mame	Satan's Hollow (set 1)
shollow2	mame	Satan's Hollow (set 2)
shootbul	mame	Shoot the Bull
shootout	mame	Shoot Out (US)
shootoutb	mame	Shoot Out (Korean Bootleg)
shootoutj	mame	Shoot Out (Japan)
shtrider	mame	Shot Rider
shtridera	mame	Shot Rider (Sigma license)
shtriderb	mame	Shot Rider (bootleg)
shufshot	mame	Shuffleshot (v1.40)
shufshot137	mame	Shuffleshot (v1.37)
shufshot139	mame	Shuffleshot (v1.39)
shuuz	mame	Shuuz (version 8.0)
shuuz2	mame	Shuuz (version 7.1)
sichuan2	mame	Sichuan II (hack, set 1)
sichuan2a	mame	Sichuan II (hack, set 2)
sidearms	mame	Side Arms - Hyper Dyne (World, 861129)
sidearmsj	mame	Side Arms - Hyper Dyne (Japan, 861128)
sidearmsu	mame	Side Arms - Hyper Dyne (US, 861202)
sidearmsur1	mame	Side Arms - Hyper Dyne (US, 861128)
sidepckt	mame	Side Pocket (World)
sidepcktb	mame	Side Pocket (bootleg set 1)
sidepcktb2	mame	Side Pocket (bootleg set 2)
sidepcktj	mame	Side Pocket (Japan)
silentd	mame	Silent Dragon (World)
silentdj	mame	Silent Dragon (Japan)
silentdu	mame	Silent Dragon (US)
silkroad	mame	The Legend of Silkroad
silkroada	mame	The Legend of Silkroad (larger roms)
silkworm	mame	Silk Worm (World)
silkwormb	mame	Silk Worm (bootleg)
silkwormj	mame	Silk Worm (Japan)
silkwormp	mame	Silk Worm (prototype?)
silvland	mame	Silver Land
silvmil	mame	Silver Millennium
simpsons	mame	The Simpsons (4 Players World, set 1)
simpsons2p	mame	The Simpsons (2 Players World, set 1)
simpsons2p2	mame	The Simpsons (2 Players World, set 2)
simpsons2p3	mame	The Simpsons (2 Players World, set 3)
simpsons2pa	mame	The Simpsons (2 Players Asia)
simpsons2pj	mame	The Simpsons (2 Players Japan)
simpsons4pe	mame	The Simpsons (4 Players World, set 2)
sinistar	mame	Sinistar (revision 3)
sinistar1	mame	Sinistar (prototype version)
sinistar2	mame	Sinistar (revision 2)
sinvasn	mame	Space Invasion (Europe)
sinvasnb	mame	Space Invasion (bootleg)
sisv	mame	Space Invaders (SV Version rev 4)
sisv1	mame	Space Invaders (SV Version rev 1)
sisv2	mame	Space Invaders (SV Version rev 2)
sisv3	mame	Space Invaders (SV Version rev 3)
sitv	mame	Space Invaders (TV Version rev 2)
sitv1	mame	Space Invaders (TV Version rev 1)
sjryuko	mame	Sukeban Jansi Ryuko (set 2, System 16B, FD1089B 317-50
sjryuko1	mame	Sukeban Jansi Ryuko (set 1, System 16A, FD1089B 317-50
skelagon	mame	Skelagon
skingame	mame	The Irem Skins Game (US set 1)
skingame2	mame	The Irem Skins Game (US set 2)
skullfng	mame	Skull Fang (World)
skullfnga	mame	Skull Fang (Asia)
skullfngj	mame	Skull Fang (Japan)
skullxbo	mame	Skull & Crossbones (rev 5)
skyadvnt	mame	Sky Adventure (World)
skyadvntj	mame	Sky Adventure (Japan)
skyadvntu	mame	Sky Adventure (US)
skyalert	mame	Sky Alert
skyarmy	mame	Sky Army
skybase	mame	Sky Base
skyfox	mame	Sky Fox
skykid	mame	Sky Kid (new version)
skykidd	mame	Sky Kid (CUS60 version)
skykiddx	mame	Sky Kid Deluxe (set 1)
skykiddxo	mame	Sky Kid Deluxe (set 2)
skykido	mame	Sky Kid (old version)
skykids	mame	Sky Kid (Sipem)
skylancr	mame	Sky Lancer
skylancre	mame	Sky Lancer (Esco Trading Co license)
skyraidr	mame	Sky Raiders
skyrobo	mame	Sky Robo
skyshark	mame	Sky Shark (US, set 1)
skysharka	mame	Sky Shark (US, set 2)
skyskipr	mame	Sky Skipper
skysmash	mame	Sky Smasher
skysoldr	mame	Sky Soldiers (US)
skysoldrbl	mame	Sky Soldiers (bootleg)
skywolf	mame	Sky Wolf (set 1)
skywolf2	mame	Sky Wolf (set 2)
skywolf3	mame	Sky Wolf (set 3)
slammast	cps1	Saturday Night Slam Masters (Slam Masters 930713 etc)
slammastu	cps1	Saturday Night Slam Masters (slam masters 930713 USA)
slampic	cps1	Saturday Night Slam Masters (bootleg (with PIC16c57),
slapfigh	mame	Slap Fight (A77 set, 8606M PCB)
slapfigha	mame	Slap Fight (A76 set, GX-006-A PCB)
slapfighb1	mame	Slap Fight (bootleg set 1)
slapfighb2	mame	Slap Fight (bootleg set 2)
slapfighb3	mame	Slap Fight (bootleg set 3)
slapshot	mame	Slap Shot (Japan)
slapshtr	mame	Slap Shooter
slither	mame	Slither (set 1)
slithera	mame	Slither (set 2)
slyspy	mame	Sly Spy (US revision 4)
slyspy2	mame	Sly Spy (US revision 2)
slyspy3	mame	Sly Spy (US revision 3)
smbomb	cps2	Super Muscle Bomber - the international blowout (94083
smbombr1	cps2	Super Muscle Bomber - the international blowout (94080
smgp	mame	Super Monaco GP (World, Rev B, FD1094 317-0126a)
smgp5	mame	Super Monaco GP (World, FD1094 317-0126)
smgp5d	mame	Super Monaco GP (World, FD1094 317-0126 decrypted)
smgp6	mame	Super Monaco GP (World, Rev A, FD1094 317-0126a)
smgp6d	mame	Super Monaco GP (World, Rev A, FD1094 317-0126a decryp
smgpd	mame	Super Monaco GP (World, Rev B, FD1094 317-0126a decryp
smgpj	mame	Super Monaco GP (Japan, Rev B, FD1094 317-0124a)
smgpja	mame	Super Monaco GP (Japan, Rev A, FD1094 317-0124a)
smgpjd	mame	Super Monaco GP (Japan, Rev B, FD1094 317-0124a decryp
smgpu	mame	Super Monaco GP (US, Rev C, FD1094 317-0125a)
smgpu1	mame	Super Monaco GP (US, Rev B, FD1094 317-0125a)
smgpu1d	mame	Super Monaco GP (US, Rev B, FD1094 317-0125a decrypted
smgpu2	mame	Super Monaco GP (US, Rev A, FD1094 317-0125a)
smgpu2d	mame	Super Monaco GP (US, Rev A, FD1094 317-0125a decrypted
smgpud	mame	Super Monaco GP (US, Rev C, FD1094 317-0125a decrypted
smooncrs	mame	Super Moon Cresta
smw	mame	Super Mario World (Europe) (Rev 1)
smwa	mame	Super Mario World (Europe)
smwj	mame	Super Mario World (Japan)
smwu	mame	Super Mario World (USA)
snapjack	mame	Snap Jack
snapper	mame	Snapper (Korea)
sngkace	mame	Sengoku Ace (Japan, set 1)
sngkacea	mame	Sengoku Ace (Japan, set 2)
snowboar	mame	Snow Board Championship (Version 2.1)
snowboara	mame	Snow Board Championship (Version 2.0)
snowbro2	mame	Snow Bros. 2 - with new elves
snowbro3	mame	Snow Brothers 3 - Magical Adventure
snowbros	mame	Snow Bros. - Nick & Tom (set 1)
snowbrosa	mame	Snow Bros. - Nick & Tom (set 2)
snowbrosb	mame	Snow Bros. - Nick & Tom (set 3)
snowbrosc	mame	Snow Bros. - Nick & Tom (set 4)
snowbrosd	mame	Snow Bros. - Nick & Tom (Dooyong license)
snowbrosj	mame	Snow Bros. - Nick & Tom (Japan)
snowbroswb	mame	Snow Bros. - Nick & Tom (The Winter Bobble hardware bo
socbrawl	neogeo	Soccer Brawl (NGM-031)
socbrawlh	neogeo	Soccer Brawl (NGH-031)
sokonuke	mame	Sokonuke Taisen Game (Japan)
solarfox	mame	Solar Fox (upright)
soldam	mame	Soldam
soldamj	mame	Soldam (Japan)
soldivid	mame	Sol Divide - The Sword Of Darkness
soldividk	mame	Sol Divide - The Sword Of Darkness (Korea)
solfigtr	mame	Solitary Fighter (World)
solomon	mame	Solomon's Key (US)
solomonj	mame	Solomon's Key (Japan)
solrwarr	mame	Solar-Warrior (US)
sonicbom	mame	Sonic Boom (FD1094 317-0053)
sonicbomd	mame	Sonic Boom (FD1094 317-0053 decrypted)
sonicwi	mame	Sonic Wings (Japan)
sonicwi2	neogeo	Aero Fighters 2 / Sonic Wings 2
sonicwi3	neogeo	Aero Fighters 3 / Sonic Wings 3
sonofphx	mame	Son of Phoenix
sonson	mame	Son Son
sonsonj	mame	Son Son (Japan)
sos	mame	SOS
sotsugyo	mame	Sotsugyo Shousho
soukobdx	mame	Souko Ban Deluxe (Japan, SB1)
spacbat2	mame	Space Battle (bootleg set 2)
spacbatt	mame	Space Battle (bootleg set 1)
spacduel	mame	Space Duel (version 2)
spacduel0	mame	Space Duel (prototype)
spacduel1	mame	Space Duel (version 1)
spacebrd	mame	Space Bird (bootleg)
spacecho	mame	Space Echo (set 1)
spacecho2	mame	Space Echo (set 2)
spacecr	mame	Space Cruiser
spacedem	mame	Space Demon
spacedx	mame	Space Invaders DX (US, v2.1)
spacedxj	mame	Space Invaders DX (Japan, v2.1)
spacedxo	mame	Space Invaders DX (Japan, v2.0)
spacefb	mame	Space Firebird (rev. 04-u)
spacefba	mame	Space Firebird (rev. 02-a)
spacefbb	mame	Space Firebird (bootleg)
spacefbe	mame	Space Firebird (rev. 03-e set 1)
spacefbe2	mame	Space Firebird (rev. 03-e set 2)
spacefbg	mame	Space Firebird (Gremlin)
spacegun	mame	Space Gun (World)
spacegunj	mame	Space Gun (Japan)
spacegunu	mame	Space Gun (US)
spacempr	mame	Space Empire (bootleg)
spaceplt	mame	Space Pilot
spaceskr	mame	Space Seeker
spacetrk	mame	Space Trek (upright)
spacetrkc	mame	Space Trek (cocktail)
spacfury	mame	Space Fury (revision C)
spacfurya	mame	Space Fury (revision A)
spacfuryb	mame	Space Fury (revision B)
spang	mame	Super Pang (World 900914)
spangj	mame	Super Pang (Japan 901023)
sparkman	mame	Spark Man (v2.0, set 1)
sparkz	mame	Sparkz (prototype)
spartanx	mame	Spartan X (Japan)
spatter	mame	Spatter
spcdrag	mame	Space Dragon (Moon Cresta bootleg, set 1)
spcdraga	mame	Space Dragon (Moon Cresta bootleg, set 2)
spcinv95	mame	Space Invaders '95: The Attack Of Lunar Loonies (Ver 2
spcinv95u	mame	Space Invaders '95: The Attack Of Lunar Loonies (Ver 2
spcinvdj	mame	Space Invaders DX (Ver 2.6J 1994/09/14) (F3 Version)
spcpostn	mame	Space Position (Japan)
spcrocks	mame	Space Rocks (Spanish clone of Asteroids)
spctbird	mame	Space Thunderbird
spdball	mame	Speed Ball - Contest at Neonworld (prototype)
spdcoin	mame	Speed Coin (prototype)
speakres	mame	Speak & Rescue
speakresb	mame	Speak & Rescue (bootleg)
spec2k	mame	Spectrum 2000 (vertical)
spec2kh	mame	Spectrum 2000 (horizontal, buggy) (Europe)
speedbal	mame	Speed Ball
speedspn	mame	Speed Spin
spelunk2	mame	Spelunker II - 23 no Kagi (Japan)
spelunkr	mame	Spelunker
spelunkrj	mame	Spelunker (Japan)
spf2t	cps2	Super Puzzle Fighter II Turbo (Super Puzzle Fighter 2
spf2ta	cps2	Super Puzzle Fighter II Turbo (Super Puzzle Fighter 2
spf2td	cps2	Super Puzzle Fighter II Turbo (Super Puzzle Fighter 2
spf2th	cps2	Super Puzzle Fighter II Turbo (Super Puzzle Fighter 2
spf2tu	cps2	Super Puzzle Fighter II Turbo (Super Puzzle Fighter 2
spf2xj	cps2	Super Puzzle Fighter II X (Super Puzzle Fighter 2 X 96
spf2xjd	cps2	Super Puzzle Fighter II X (Super Puzzle Fighter 2 X 96
spidermi	neogeo	Spiderman (Intro demo)
spinlbrk	mame	Spinal Breakers (World)
spinlbrkj	mame	Spinal Breakers (Japan)
spinlbrku	mame	Spinal Breakers (US)
spinmast	neogeo	Spin Master / Miracle Adventure
splat	mame	Splat!
splatter	mame	Splatter House (World, new version (SH3))
splatter2	mame	Splatter House (World, old version (SH2))
splatterj	mame	Splatter House (Japan, SH1)
spnchout	mame	Super Punch-Out!! (Rev B)
spnchouta	mame	Super Punch-Out!! (Rev A)
spnchoutj	mame	Super Punch-Out!! (Japan)
sprcros2	mame	Super Cross II (Japan, set 1)
sprcros2a	mame	Super Cross II (Japan, set 2)
sprglbpg	mame	Super Glob (Pac-Man hardware) German
sprglobp	mame	Super Glob (Pac-Man hardware)
springer	mame	Springer
spy	mame	S.P.Y. - Special Project Y (World ver. N)
spyhunt	mame	Spy Hunter
spyhuntp	mame	Spy Hunter (Playtronic license)
spyu	mame	S.P.Y. - Special Project Y (US ver. M)
sqbert	mame	Faster, Harder, More Challenging Q*bert (prototype)
squaitsa	mame	Squash (Itisa)
squash	mame	Squash (Ver. 1.0)
sraider	mame	Space Raider
sranger	mame	Super Ranger (v2.0)
srdarwin	mame	Super Real Darwin (World)
srdarwinj	mame	Super Real Darwin (Japan)
srdmissn	mame	S.R.D. Mission
srmp4	mame	Super Real Mahjong PIV (Japan)
srmp4o	mame	Super Real Mahjong PIV (Japan, older set)
srmp7	mame	Super Real Mahjong P7 (Japan)
srumbler	mame	The Speed Rumbler (set 1)
srumbler2	mame	The Speed Rumbler (set 2)
srumbler3	mame	The Speed Rumbler (set 3)
ssanchan	mame	Sanrin San Chan (Japan)
sscandal	mame	Seishun Scandal (315-5132, Japan)
ssf2	cps2	Super Street Fighter II - the new challengers (super s
ssf2a	cps2	Super Street Fighter II - the new challengers (super s
ssf2ar1	cps2	Super Street Fighter II - the new challengers (super s
ssf2d	cps2	Super Street Fighter II - the new challengers (super s
ssf2h	cps2	Super Street Fighter II - the new challengers (super s
ssf2j	cps2	Super Street Fighter II - the new challengers (super s
ssf2jr1	cps2	Super Street Fighter II - the new challengers (super s
ssf2jr2	cps2	Super Street Fighter II - the new challengers (super s
ssf2r1	cps2	Super Street Fighter II - the new challengers (super s
ssf2t	cps2	Super Street Fighter II Turbo (super street fighter 2
ssf2ta	cps2	Super Street Fighter II Turbo (super street fighter 2
ssf2tad	cps2	Super Street Fighter II Turbo (super street fighter 2
ssf2tb	cps2	Super Street Fighter II - the tournament battle (93111
ssf2tba	cps2	Super Street Fighter II - the tournament battle (93100
ssf2tbd	cps2	Super Street Fighter II - the tournament battle (93111
ssf2tbh	cps2	Super Street Fighter II - the tournament battle (93100
ssf2tbj	cps2	Super Street Fighter II - the tournament battle (93100
ssf2tbj1	cps2	Super Street Fighter II - the tournament battle (93091
ssf2tbr1	cps2	Super Street Fighter II - the tournament battle (93091
ssf2tbu	cps2	Super Street Fighter II - the tournament battle (93091
ssf2td	cps2	Super Street Fighter II Turbo (super street fighter 2
ssf2th	cps2	Super Street Fighter II Turbo (super street fighter 2
ssf2tu	cps2	Super Street Fighter II Turbo (super street fighter 2
ssf2tur1	cps2	Super Street Fighter II Turbo (super street fighter 2
ssf2u	cps2	Super Street Fighter II - the new challengers (super s
ssf2ud	cps2	Super Street Fighter II - the new challengers (super s
ssf2xj	cps2	Super Street Fighter II X - grand master challenge (su
ssf2xjr1	cps2	Super Street Fighter II X - grand master challenge (su
ssf2xjr1d	cps2	Super Street Fighter II X - grand master challenge (su
ssf2xjr1r	cps2	Super Street Fighter II X - grand master challenge (su
ssi	mame	Super Space Invaders '91 (World)
ssideki	neogeo	Super Sidekicks / Tokuten Ou
ssideki2	neogeo	Super Sidekicks 2 - The World Championship / Tokuten O
ssideki3	neogeo	Super Sidekicks 3 - The Next Glory / Tokuten Ou 3 - ei
ssideki4	neogeo	The Ultimate 11 - The SNK Football Championship / Toku
ssmissin	mame	S.S. Mission
ssoldier	mame	Superior Soldiers (US)
ssozumo	mame	Syusse Oozumou (Japan)
sspacaho	mame	Space Attack / Head On
sspaceat	mame	Space Attack (upright set 1)
sspaceat2	mame	Space Attack (upright set 2)
sspaceat3	mame	Space Attack (upright set 3)
sspaceatc	mame	Space Attack (cocktail)
ssriders	mame	Sunset Riders (4 Players ver. EAC)
ssridersabd	mame	Sunset Riders (2 Players ver. ABD)
ssridersadd	mame	Sunset Riders (4 Players ver. ADD)
ssridersb	mame	Sunset Riders (bootleg 4 Players ver. ADD)
ssriderseaa	mame	Sunset Riders (4 Players ver. EAA)
ssridersebc	mame	Sunset Riders (2 Players ver. EBC)
ssridersebd	mame	Sunset Riders (2 Players ver. EBD)
ssridersjac	mame	Sunset Riders (4 Players ver. JAC)
ssridersjad	mame	Sunset Riders (4 Players ver. JAD)
ssridersjbd	mame	Sunset Riders (2 Players ver. JBD)
ssridersuab	mame	Sunset Riders (4 Players ver. UAB)
ssridersuac	mame	Sunset Riders (4 Players ver. UAC)
ssridersubc	mame	Sunset Riders (2 Players ver. UBC)
ssridersuda	mame	Sunset Riders (4 Players ver. UDA)
ssrj	mame	Super Speed Race Junior (Japan)
sstarcrs	mame	Super Star Crest
sstingry	mame	Super Stingray (Japan)
sstrangr	mame	Space Stranger
sstrangr2	mame	Space Stranger 2
sstriker	mame	Sorcer Striker
sstrikerk	mame	Sorcer Striker (Korea)
stadhero	mame	Stadium Hero (Japan)
stadhr96	mame	Stadium Hero '96 (World, EAJ)
stadhr96j	mame	Stadium Hero '96 (Japan, EAD)
stadhr96u	mame	Stadium Hero '96 (USA, EAH)
stagger1	mame	Stagger I (Japan)
stakwin	neogeo	Stakes Winner / Stakes Winner - GI kinzen seiha e no m
stakwin2	neogeo	Stakes Winner 2
starfght	mame	Star Fighter
starfgmc	mame	Star Fighter (Moon Cresta bootleg)
starfigh	mame	Star Fighter (v1)
starforc	mame	Star Force
starforca	mame	Star Force (encrypted, set 2)
starforcb	mame	Star Force (encrypted, bootleg)
starforce	mame	Star Force (encrypted, set 1)
stargate	mame	Stargate
stargrds	mame	Star Guards
starjack	mame	Star Jacker (Sega)
starjacks	mame	Star Jacker (Stern)
starrkr	mame	Star Raker
startrek	mame	Star Trek
startrkd	mame	Star Trek (Defender bootleg)
startrks	mame	Star Trek (Head On hardware)
starwarr	mame	Star Warrior
starwars	mame	Star Wars (rev 1)
starwars1	mame	Star Wars (set 2)
starwarso	mame	Star Wars (set 3)
stdragon	mame	Saint Dragon (set 1)
stdragona	mame	Saint Dragon (set 2)
stdragonb	mame	Saint Dragon (bootleg)
stera	mame	Steraranger (Moon Cresta bootleg)
stfight	mame	Street Fight (Germany)
stfighta	mame	Street Fight (bootleg?)
stfightgb	mame	Street Fight (Germany - Benelux)
stg	mame	Strike Gunner S.T.G
stinger	mame	Stinger
stinger2	mame	Stinger (prototype?)
stlforce	mame	Steel Force
stmblade	mame	Storm Blade (US)
stmbladej	mame	Storm Blade (Japan)
stoneage	mame	Stoneage (bootleg of Caveman Ninja)
strahl	mame	Koutetsu Yousai Strahl (World)
strahlj	mame	Koutetsu Yousai Strahl (Japan set 1)
strahlja	mame	Koutetsu Yousai Strahl (Japan set 2)
stratgys	mame	Strategy X (Stern)
stratgyx	mame	Strategy X
stratof	mame	Raiga - Strato Fighter (US)
stratvox	mame	Stratovox
stratvoxb	mame	Stratovox (bootleg)
streakng	mame	Streaking (set 1)
streaknga	mame	Streaking (set 2)
streetsm	mame	Street Smart (US version 2)
streetsm1	mame	Street Smart (US version 1)
streetsmj	mame	Street Smart (Japan version 1)
streetsmw	mame	Street Smart (World version 1)
strfbomb	mame	Strafe Bomb
strhoop	neogeo	Street Hoop / Street Slam / Dunk Dream (DEM-004) (DEH-
strider	cps1	Strider (US set 1)
striderj	cps1	Strider Hiryu (Japan)
striderjr	cps1	Strider Hiryu (Japan Resale Ver.)
striderua	cps1	Strider (US set 2)
strideruc	cps1	Strider (US, Street Fighter II conversion)
striv	mame	Super Triv (English questions)
strivf	mame	Super Triv (French questions)
strkfgtr	mame	Strike Fighter (World)
strkfgtrj	mame	Strike Fighter (Japan)
strnskil	mame	Strength & Skill
strongx	mame	Strong X
strvmstr	mame	Super Trivia Master
sub	mame	Submarine (Sigma)
subhunt	mame	Sub Hunter (Gremlin / Taito)
subroc3d	mame	Subroc-3D
sucasino	mame	Super Casino
sunaq	mame	SunA Quiz 6000 Academy (940620-6)
supbtime	mame	Super Burger Time (World, set 1)
supbtimea	mame	Super Burger Time (World, set 2)
supbtimej	mame	Super Burger Time (Japan)
supcrash	mame	Super Crash (bootleg of Head On)
supduck	mame	Super Duck
superbar	mame	Super Bar
superbon	mame	Agent Super Bond (scobra hardware)
superchs	mame	Super Chase - Criminal Termination (World)
superchsj	mame	Super Chase - Criminal Termination (Japan)
superchsu	mame	Super Chase - Criminal Termination (US)
superg	mame	Super Galaxians (galaxiaj hack)
supergx	mame	Super GX
superman	mame	Superman (World)
supermanj	mame	Superman (Japan)
supermanu	mame	Superman (US)
superpac	mame	Super Pac-Man
superpacm	mame	Super Pac-Man (Midway)
superspy	neogeo	The Super Spy (NGM-011)(NGH-011)
superten	mame	Super Ten V8.3
superx	mame	Super-X (NTC)
superxm	mame	Super-X (Mitchell)
supmodel	mame	Super Model
suprglob	mame	Super Glob
suprheli	mame	Super Heli (Super Cobra bootleg)
suprleag	mame	Super League (FD1094 317-0045)
suprloco	mame	Super Locomotive (Rev.A)
suprlocoo	mame	Super Locomotive
suprmous	mame	Super Mouse
suprridr	mame	Super Rider
suprtrio	mame	Super Trio
suratk	mame	Surprise Attack (World ver. K)
suratka	mame	Surprise Attack (Asia ver. L)
suratkj	mame	Surprise Attack (Japan ver. M)
survarts	mame	Survival Arts (World)
survartsj	mame	Survival Arts (Japan)
survartsu	mame	Survival Arts (USA)
sutapper	mame	Tapper (Suntory)
suzuk8h2	mame	Suzuka 8 Hours 2 (World, Rev B)
suzuk8h2j	mame	Suzuka 8 Hours 2 (Japan, Rev B)
suzuka8h	mame	Suzuka 8 Hours (World, Rev C)
suzuka8hj	mame	Suzuka 8 Hours (Japan, Rev B)
svc	neogeo	SNK vs. Capcom - SVC Chaos (NGM-2690)(NGH-2690)
svcboot	neogeo	SNK vs. Capcom - SVC Chaos (bootleg)
svcpcb	neogeo	SNK vs. Capcom - SVC Chaos (JAMMA PCB, set 1)
svcpcba	neogeo	SNK vs. Capcom - SVC Chaos (JAMMA PCB, set 2)
svcplus	neogeo	SNK vs. Capcom - SVC Chaos Plus (bootleg set 1)
svcplusa	neogeo	SNK vs. Capcom - SVC Chaos Plus (bootleg set 2)
svcsplus	neogeo	SNK vs. Capcom - SVC Chaos Super Plus (bootleg)
svg	mame	S.V.G. - Spectral vs Generation (V200, China)
svgpcb	mame	S.V.G. - Spectral vs Generation (V100, Japan, Single P
svgtw	mame	S.V.G. - Spectral vs Generation (V100, Taiwan)
svolley	mame	Super Volleyball (Japan)
svolleyk	mame	Super Volleyball (Korea)
svolleyu	mame	Super Volleyball (US)
svolly91	mame	Super Volley '91 (Japan)
swarm	mame	Swarm (bootleg?)
swat	mame	SWAT (315-5048)
swatpolc	mame	SWAT Police
swimmer	mame	Swimmer (set 1)
sws	mame	Super World Stadium (Japan)
sws92	mame	Super World Stadium '92 (Japan)
sws92g	mame	Super World Stadium '92 Gekitouban (Japan)
sws93	mame	Super World Stadium '93 (Japan)
sxyreac2	mame	Pachinko Sexy Reaction 2 (Japan)
sxyreact	mame	Pachinko Sexy Reaction (Japan)
syscheck	neogeo	Neo System Check (ver 1.0b)
syvalion	mame	Syvalion (Japan)
syvalionp	mame	Syvalion (World, prototype)
syvalionu	mame	Syvalion (US, PS2 Taito Legends 2)
syvalionw	mame	Syvalion (World, PS2 Taito Legends 2)
szaxxon	mame	Super Zaxxon
tacscan	mame	Tac/Scan
tactcian	mame	Tactician (set 1)
tactcian2	mame	Tactician (set 2)
tagteam	mame	Tag Team Wrestling
tail2nos	mame	Tail to Nose - Great Championship
tangtang	mame	Tang Tang (ver. 0526, 26/05/2000)
tankbust	mame	Tank Busters
tankfrce	mame	Tank Force (US, 2 Players)
tankfrce4	mame	Tank Force (US, 4 Players)
tankfrcej	mame	Tank Force (Japan)
taotaido	mame	Tao Taido (set 1)
taotaidoa	mame	Tao Taido (set 2)
tapper	mame	Tapper (Budweiser, 1/27/84)
tappera	mame	Tapper (Budweiser, 12/9/83)
tapperb	mame	Tapper (Budweiser, Date Unknown)
tapperg	mame	Tapper (Budweiser, 1/27/84 - Alternate graphics)
targeth	mame	Target Hits (ver 1.1, Checksum 5152)
targeth10	mame	Target Hits (ver 1.0, Checksum FBCB)
targetha	mame	Target Hits (ver 1.1, Checksum 86E1)
tattass	mame	Tattoo Assassins (US prototype)
tattassa	mame	Tattoo Assassins (Asia prototype)
tazmani2	mame	Tazz-Mania (set 2)
tazmania	mame	Tazz-Mania (set 1)
tazzmang	mame	Tazz-Mania (bootleg on Galaxian hardware)
tazzmang2	mame	Tazz-Mania (bootleg on Galaxian hardware with Starfiel
tbowl	mame	Tecmo Bowl (World, set 1)
tbowla	mame	Tecmo Bowl (World, set 2)
tbowlj	mame	Tecmo Bowl (Japan)
tbowlp	mame	Tecmo Bowl (World, prototype?)
tceptor	mame	Thunder Ceptor
tceptor2	mame	Thunder Ceptor II
tcobra2	mame	Twin Cobra II (Ver 2.1O 1995/11/30)
tcobra2u	mame	Twin Cobra II (Ver 2.1A 1995/11/30)
tdfever	mame	TouchDown Fever (US)
tdfever2	mame	TouchDown Fever 2
tdfeverj	mame	TouchDown Fever (Japan)
tdpgal	mame	Triple Draw Poker
tdragon	mame	Thunder Dragon (9th Jan. 1992)
tdragon1	mame	Thunder Dragon (4th Jun. 1991)
tdragon2	mame	Thunder Dragon 2 (9th Nov. 1993)
tdragon2a	mame	Thunder Dragon 2 (1st Oct. 1993)
tdragon3h	mame	Thunder Dragon 3 (bootleg of Thunder Dragon 2)
tdragonb	mame	Thunder Dragon (bootleg)
teddybb	mame	TeddyBoy Blues (315-5115, New Ver.)
teddybbo	mame	TeddyBoy Blues (315-5115, Old Ver.)
teddybbobl	mame	TeddyBoy Blues (bootleg)
tekipaki	mame	Teki Paki
tekipakit	mame	Teki Paki (location test)
teljan	mame	Tel Jan
tempest	mame	Tempest (rev 3, Revised Hardware)
tempest1	mame	Tempest (rev 1)
tempest1r	mame	Tempest (rev 1, Revised Hardware)
tempest2	mame	Tempest (rev 2)
tempest3	mame	Tempest (rev 3)
temptube	mame	Tempest Tubes
tengai	mame	Tengai (world)
tengaij	mame	Tengai\0Sengoku Blade - sengoku ace episode II
terracre	mame	Terra Cresta (YM3526 set 1)
terracrea	mame	Terra Cresta (YM3526 set 3)
terracren	mame	Terra Cresta (YM2203)
terracreo	mame	Terra Cresta (YM3526 set 2)
terraf	mame	Terra Force
terrafb	mame	Terra Force (Japan, bootleg set 2)
terrafj	mame	Terra Force (Japan)
terrafjb	mame	Terra Force (Japan, bootleg with additional Z80)
terrafu	mame	Terra Force (US)
tetrbx	mame	Tetris / Bloxeed (Korean System 16 bootleg) (ISG Selec
tetris	mame	Tetris (set 4, Japan, System 16A, FD1094 317-0093)
tetris1	mame	Tetris (set 1, Japan, System 16B, FD1094 317-0091)
tetris1d	mame	Tetris (set 1, Japan, System 16B, FD1094 317-0091 decr
tetris2	mame	Tetris (set 2, Japan, System 16B, FD1094 317-0092)
tetris2d	mame	Tetris (set 2, Japan, System 16B, FD1094 317-0092 decr
tetris3	mame	Tetris (set 3, Japan, System 16A, FD1094 317-0093a)
tetris3d	mame	Tetris (set 3, Japan, System 16A, FD1094 317-0093a dec
tetrisbl	mame	Tetris (bootleg)
tetrisd	mame	Tetris (set 4, Japan, System 16A, FD1094 317-0093 decr
tetrisp2	mame	Tetris Plus 2 (World)
tetrisp2j	mame	Tetris Plus 2 (Japan, V2.2)
tetrisp2ja	mame	Tetris Plus 2 (Japan, V2.1)
tetrisse	mame	Tetris (Japan, System E)
tetrist	mame	Tetris (Japan, B-System, YM2610)
tetrista	mame	Tetris (Japan, B-System, YM2203)
tetristh	mame	Tetris (Japan, Taito H-System)
tetrsark	mame	Tetris (D.R. Korea)
tgm2	mame	Tetris the Absolute The Grand Master 2
tgm2p	mame	Tetris the Absolute The Grand Master 2 Plus
tharrier	mame	Task Force Harrier
tharrieru	mame	Task Force Harrier (US?)
thedeep	mame	The Deep (Japan)
theend	mame	The End
theends	mame	The End (Stern)
theglad	mame	The Gladiator - Road Of The Sword / Shen Jian (V101)
theglad100	mame	The Gladiator - Road Of The Sword / Shen Jian (V100, T
theglad101	mame	The Gladiator - Road Of The Sword / Shen Jian (V100)
thegladpcb	mame	The Gladiator - Road Of The Sword / Shen Jian (V100, J
theglob	mame	The Glob
theglob2	mame	The Glob (earlier)
theglob3	mame	The Glob (set 3)
theglobp	mame	The Glob (Pac-Man hardware)
thehustl	mame	The Hustler (Japan, program code M)
thehustlj	mame	The Hustler (Japan, program code J)
thepit	mame	The Pit
thepitj	mame	The Pit (Japan)
thepitm	mame	The Pit (bootleg on Moon Quasar hardware)
thepitu1	mame	The Pit (US set 1)
thepitu2	mame	The Pit (US set 2)
theroes	mame	Thunder Heroes
thetogyu	mame	The Togyu (315-5065, Japan)
thndblst	mame	Thunder Blaster (Japan)
thndrbld	mame	Thunder Blade (upright, FD1094 317-0056)
thndrbld1	mame	Thunder Blade (deluxe/standing, unprotected)
thndrbldd	mame	Thunder Blade (upright, FD1094 317-0056 decrypted)
thndrx2	mame	Thunder Cross II (World)
thndrx2a	mame	Thunder Cross II (Asia)
thndrx2j	mame	Thunder Cross II (Japan)
thndzone	mame	Thunder Zone (World, Rev 1)
thndzone4	mame	Thunder Zone (World 4 Players)
thndzonea	mame	Thunder Zone (World)
thndzonej	mame	Thunder Zone (Japan)
thoop	mame	Thunder Hoop (Ver. 1)
thoop2	mame	TH Strikes Back (Non North America, Version 1.0, Check
thoop2a	mame	TH Strikes Back (Non North America, Version 1.0, Check
thunderj	mame	ThunderJaws (rev 3)
thunderja	mame	ThunderJaws (rev 2)
thunderl	mame	Thunder & Lightning
thunderx	mame	Thunder Cross (set 1)
thunderxa	mame	Thunder Cross (set 2)
thunderxb	mame	Thunder Cross (set 3)
thunderxj	mame	Thunder Cross (Japan)
thundfox	mame	Thunder Fox (World)
thundfoxj	mame	Thunder Fox (Japan)
thundfoxu	mame	Thunder Fox (US)
tigerh	mame	Tiger Heli (US)
tigerhb1	mame	Tiger Heli (bootleg set 1)
tigerhb2	mame	Tiger Heli (bootleg set 2)
tigerhb3	mame	Tiger Heli (bootleg set 3)
tigerhj	mame	Tiger Heli (Japan)
tigeroad	mame	Tiger Road (US)
tigeroadb	mame	Tiger Road (US bootleg, set 1)
tigeroadb2	mame	Tiger Road (US bootleg, set 2)
tigeroadu	mame	Tiger Road (US, Romstar license)
timber	mame	Timber
timefgtr	mame	Time Fighter (Time Pilot conversion on Galaxian hardwa
timekill	mame	Time Killers (v1.32)
timekill121	mame	Time Killers (v1.21)
timekill121a	mame	Time Killers (v1.21, alternate ROM board)
timekill131	mame	Time Killers (v1.31)
timekill132i	mame	Time Killers (v1.32I)
timelimt	mame	Time Limit
timeplt	mame	Time Pilot
timeplta	mame	Time Pilot (Atari)
timepltc	mame	Time Pilot (Centuri)
timescan	mame	Time Scanner (set 2, System 16B)
timescan1	mame	Time Scanner (set 1, System 16A, FD1089B 317-0024)
timesold	mame	Time Soldiers (US Rev 3)
timesold1	mame	Time Soldiers (US Rev 1)
timesupd	neogeo	Time's Up Demo
timetunl	mame	Time Tunnel
tinstar	mame	The Tin Star (set 1)
tinstar2	mame	The Tin Star (set 2)
tiptop	mame	Tip Top
titanpac	mame	Titan (Pac-Man hack)
tjumpman	mame	Tobikose! Jumpman
tkdensho	mame	Toukidenshou - Angel Eyes (VER. 960614)
tkdenshoa	mame	Toukidenshou - Angel Eyes (VER. 960427)
tknight	mame	Tecmo Knight
tmht	mame	Teenage Mutant Hero Turtles (UK 4 Players, version F)
tmht22pe	mame	Teenage Mutant Hero Turtles - Turtles in Time (2 Playe
tmht24pe	mame	Teenage Mutant Hero Turtles - Turtles in Time (4 Playe
tmht2p	mame	Teenage Mutant Hero Turtles (UK 2 Players, version U)
tmht2pa	mame	Teenage Mutant Hero Turtles (UK 2 Players, version ?)
tmhta	mame	Teenage Mutant Hero Turtles (UK 4 Players, version S)
tmhtb	mame	Teenage Mutant Hero Turtles (UK 4 Players, version ?)
tmnt	mame	Teenage Mutant Ninja Turtles (World 4 Players, version
tmnt2	mame	Teenage Mutant Ninja Turtles - Turtles in Time (4 Play
tmnt22pu	mame	Teenage Mutant Ninja Turtles - Turtles in Time (2 Play
tmnt2a	mame	Teenage Mutant Ninja Turtles - Turtles in Time (4 Play
tmnt2pj	mame	Teenage Mutant Ninja Turtles (Japan 2 Players, version
tmnt2po	mame	Teenage Mutant Ninja Turtles (Oceania 2 Players, versi
tmnta	mame	Teenage Mutant Ninja Turtles (Asia 4 Players, version
tmnti	neogeo	Teenage Mutant Ninja Turtles (Intro demo)
tmntia	neogeo	Teenage Mutant Ninja Turtles (Intro demo, alt)
tmntj	mame	Teenage Mutant Ninja Turtles (Japan 4 Players, version
tmntu	mame	Teenage Mutant Ninja Turtles (US 4 Players, version R)
tmntua	mame	Teenage Mutant Ninja Turtles (US 4 Players, version J)
tmntub	mame	Teenage Mutant Ninja Turtles (US 4 Players, version H)
tndrcade	mame	Thundercade / Twin Formation
tndrcadej	mame	Tokusyu Butai U.A.G. (Japan)
tnextspc	mame	The Next Space (set 1)
tnextspc2	mame	The Next Space (set 2)
tnextspcj	mame	The Next Space (Japan)
tnk3	mame	T.N.K III (US)
tnk3j	mame	T.A.N.K (Japan)
tnzs	mame	The NewZealand Story (World, newer)
tnzsj	mame	The NewZealand Story (Japan, new version, newer PCB)
tnzsjo	mame	The NewZealand Story (Japan, old version) (older PCB)
tnzso	mame	The NewZealand Story (World, old version) (older PCB)
tnzsoa	mame	The NewZealand Story (World, unknown version) (older P
tnzsop	mame	The NewZealand Story (World, prototype) (older PCB)
tnzsuo	mame	The NewZealand Story (US, old version) (older PCB)
todruaga	mame	The Tower of Druaga (New Ver.)
todruagao	mame	The Tower of Druaga (Old Ver.)
todruagas	mame	The Tower of Druaga (Sidam)
toki	mame	Toki (World, set 1)
tokia	mame	Toki (World, set 2)
tokib	mame	Toki (bootleg)
tokio	mame	Tokio / Scramble Formation (newer)
tokiob	mame	Tokio / Scramble Formation (bootleg)
tokioo	mame	Tokio / Scramble Formation (older)
tokiou	mame	Tokio / Scramble Formation (US)
tokip	mame	Toki (US, prototype?)
tokisens	mame	Toki no Senshi - Chrono Soldier (MC-8123, 317-0040)
tokisensa	mame	Toki no Senshi - Chrono Soldier (prototype)
tokiu	mame	Toki (US, set 1)
tokiua	mame	Toki (US, set 2)
toobin	mame	Toobin' (rev 3)
toobin1	mame	Toobin' (rev 1)
toobin2	mame	Toobin' (rev 2)
toobin2e	mame	Toobin' (Europe, rev 2)
toobine	mame	Toobin' (Europe, rev 3)
toobing	mame	Toobin' (German, rev 3)
topgunbl	mame	Top Gunner (bootleg, Rotary Joystick)
topgunr	mame	Top Gunner (US, 8-way Joystick)
tophuntr	neogeo	Top Hunter - Roddy & Cathy (NGM-046)
tophuntrh	neogeo	Top Hunter - Roddy & Cathy (NGH-046)
toppyrap	mame	Toppy & Rappy
topsecrt	mame	Top Secret (Japan)
topspeed	mame	Top Speed (World)
topspeedu	mame	Top Speed (US)
toramich	mame	Tora e no Michi (Japan)
toride2g	mame	Toride II Adauchi Gaiden
toride2gg	mame	Toride II Adauchi Gaiden (German)
toride2gk	mame	Toride II Bok Su Oi Jeon Adauchi Gaiden (Korea)
toride2j	mame	Toride II (Japan)
tornado1	mame	Tornado (set 1, Defender bootleg)
tornado2	mame	Tornado (set 2, Defender bootleg)
toryumon	mame	Toryumon
totc	neogeo	Treasure of the Caribbean
toto	mame	Come Back Toto
touchgo	mame	Touch & Go (World)
touchgoe	mame	Touch & Go (earlier revision)
touchgok	mame	Touch & Go (Korea, unprotected)
touchgon	mame	Touch & Go (Non North America)
toutrun	mame	Turbo Out Run (Out Run upgrade, FD1094 317-0118)
toutrun1	mame	Turbo Out Run (deluxe cockpit, FD1094 317-0109)
toutrun2	mame	Turbo Out Run (cockpit, FD1094 317-0106)
toutrun2d	mame	Turbo Out Run (cockpit, FD1094 317-0106 decrypted)
toutrun3	mame	Turbo Out Run (cockpit, FD1094 317-0107)
toutrun3d	mame	Turbo Out Run (cockpit, FD1094 317-0107 decrypted)
toutrund	mame	Turbo Out Run (Out Run upgrade, FD1094 317-0118 decryp
toutrunj	mame	Turbo Out Run (Japan, Out Run upgrade, FD1094 317-0117
toutrunj1	mame	Turbo Out Run (Japan, deluxe cockpit, FD1094 317-0101)
toutrunj1d	mame	Turbo Out Run (Japan, deluxe cockpit, FD1094 317-0101
toutrunjd	mame	Turbo Out Run (Japan, Out Run upgrade, FD1094 317-0117
toypop	mame	Toypop
tp84	mame	Time Pilot '84 (set 1)
tp84a	mame	Time Pilot '84 (set 2)
tp84b	mame	Time Pilot '84 (set 3)
tpgolf	neogeo	Top Player's Golf (NGM-003)(NGH-003)
trackfld	mame	Track & Field
trackfldc	mame	Track & Field (Centuri)
trackfldnz	mame	Track & Field (NZ bootleg?)
trally	neogeo	Thrash Rally (ALM-003)(ALH-003)
tranqgun	mame	Tranquillizer Gun
transfrm	mame	Transformer
travrusa	mame	Traverse USA / Zippy Race
travrusab	mame	Traverse USA (bootleg)
trckydoc	mame	Tricky Doc (set 1)
trckydoca	mame	Tricky Doc (set 2)
treahunt	mame	Treasure Hunt
tricktrp	mame	Trick Trap (World?)
trigon	mame	Trigon (Japan)
trikitri	mame	Triki Triki (Lover Boy bootleg)
triothep	mame	Trio The Punch - Never Forget Me... (World)
triothepj	mame	Trio The Punch - Never Forget Me... (Japan)
triplep	mame	Triple Punch (set 1)
triplepa	mame	Triple Punch (set 2)
triplfun	mame	Triple Fun
tripool	mame	Tri-Pool (Casino Tech)
tripoola	mame	Tri-Pool (Costal Games)
troangel	mame	Tropical Angel
trojan	mame	Trojan (US set 1)
trojana	mame	Trojan (US set 2)
trojanb	mame	Trojan (bootleg)
trojanj	mame	Tatakai no Banka (Japan)
trojanr	mame	Trojan (Romstar)
tron	mame	Tron (8/9)
tron2	mame	Tron (6/25)
tron3	mame	Tron (6/17)
tron4	mame	Tron (6/15)
tronger	mame	Tron (Germany)
trophyh	mame	Trophy Hunting - Bear & Moose V1.00
trstar	mame	Top Ranking Stars (Ver 2.1O 1993/05/21) (New Version)
trstarj	mame	Top Ranking Stars (Ver 2.1J 1993/05/21) (New Version)
trstaro	mame	Top Ranking Stars (Ver 2.1O 1993/05/21) (Old Version)
trstaroj	mame	Top Ranking Stars (Ver 2.1J 1993/05/21) (Old Version)
truxton	mame	Truxton / Tatsujin
truxton2	mame	Truxton II\0Tatsujin Oh
trvgns	mame	Trivia Genius
trvmstr	mame	Trivia Master (set 1)
trvmstra	mame	Trivia Master (set 2)
trvmstrb	mame	Trivia Master (set 3)
trvmstrc	mame	Trivia Master (set 4)
tsamurai	mame	Samurai Nihon-Ichi (set 1)
tsamurai2	mame	Samurai Nihon-Ichi (set 2)
tsamuraih	mame	Samurai Nihon-Ichi (bootleg, harder)
tshingen	mame	Shingen Samurai-Fighter (Japan, English)
tshingena	mame	Takeda Shingen (Japan, Japanese)
tst_galx	mame	Galaxian Test ROM
ttfitter	mame	T.T Fitter (Japan)
ttmahjng	mame	T.T Mahjong
tturf	mame	Tough Turf (set 2, Japan, 8751 317-0104)
tturfu	mame	Tough Turf (set 1, US, 8751 317-0099)
tubeit	mame	Tube-It
tumbleb	mame	Tumble Pop (bootleg set 1)
tumbleb2	mame	Tumble Pop (bootleg set 2)
tumblep	mame	Tumble Pop (World)
tumblepj	mame	Tumble Pop (Japan)
turbo	mame	Turbo (program 1513-1515)
turboa	mame	Turbo (encrypted, program 1262-1264)
turbob	mame	Turbo (encrypted, program 1363-1365 rev B)
turbobl	mame	Indianapolis (bootleg of Turbo)
turboc	mame	Turbo (encrypted, program 1363-1365 rev A)
turbod	mame	Turbo (encrypted, program 1363-1365)
turbofrc	mame	Turbo Force (World, set 1)
turbofrco	mame	Turbo Force (World, set 2)
turbofrcu	mame	Turbo Force (US)
turfmast	neogeo	Neo Turf Masters / Big Tournament Golf
turkhunt	mame	Turkey Hunting USA V1.00
turpin	mame	Turpin
turpins	mame	Turpin (bootleg on Scramble hardware)
turtles	mame	Turtles
turtship	mame	Turtle Ship (North America)
turtshipj	mame	Turtle Ship (Japan)
turtshipk	mame	Turtle Ship (Korea)
turtshipkn	mame	Turtle Ship (Korea, 88/9)
turtshipko	mame	Turtle Ship (Korea, older)
tutankhm	mame	Tutankham
tutankhms	mame	Tutankham (Stern Electronics)
twcup90	mame	World Cup '90 (World)
twcup90a	mame	World Cup '90 (Euro set 1)
twcup90b	mame	World Cup '90 (Euro set 2)
twcup90b1	mame	Euro League (Italian hack of Tecmo World Cup '90)
twcup90b2	mame	World Cup '90 (bootleg, set 1)
twcup90b3	mame	World Cup '90 (bootleg, set 2)
twcup90b4	mame	World Cup '90 (bootleg, set 3)
twcup90ba	mame	Euro League (Italian hack of Tecmo World Cup '90 - alt
twcup90bb	mame	World Cup '90 (european hack, different title)
twcup90t	mame	World Cup '90 (trackball)
twinactn	mame	Twin Action
twinadv	mame	Twin Adventure (World)
twinadvk	mame	Twin Adventure (Korea)
twinbee	mame	TwinBee (ROM version)
twinbrat	mame	Twin Brats (set 1)
twinbrata	mame	Twin Brats (set 2)
twinbratb	mame	Twin Brats (set 3)
twincobr	mame	Twin Cobra (World)
twincobru	mame	Twin Cobra (US)
twineag2	mame	Twin Eagle II - The Rescue Mission
twineagl	mame	Twin Eagle - Revenge Joe's Brother
twinfalc	mame	Twin Falcons
twinhawk	mame	Twin Hawk (World)
twinhawku	mame	Twin Hawk (US)
twinkle	mame	Twinkle
twinqix	mame	Twin Qix (Ver 1.0A 1995/01/17) (Prototype)
twinspri	neogeo	Twinkle Star Sprites
twocrude	mame	Two Crude (US FT revision 1)
twocrudea	mame	Two Crude (US FT version)
twotiger	mame	Two Tigers (dedicated)
twotigerc	mame	Two Tigers (Tron conversion)
twsoc96	neogeo	Tecmo World Soccer '96
typhoon	mame	Typhoon
uballoon	mame	Ultra Balloon
uccops	mame	Undercover Cops (World)
uccopsar	mame	Undercover Cops (Alpha Renewal Version)
uccopsj	mame	Undercover Cops (Japan)
uccopsu	mame	Undercover Cops (US)
uecology	cps2	Ultimate Ecology (931203 Japan)
ufosensi	mame	Ufo Senshi Yohko Chan (MC-8123, 317-0064)
ultracin	mame	Waku Waku Ultraman Racing
ultraman	mame	Ultraman (Japan)
ultrax	mame	Ultra X Weapons / Ultra Keibitai
ultraxg	mame	Ultra X Weapons / Ultra Keibitai (GAMEST review build)
umanclub	mame	Ultraman Club - Tatakae! Ultraman Kyoudai!!
umk3	mame	Ultimate Mortal Kombat 3 (rev 1.2)
umk3r10	mame	Ultimate Mortal Kombat 3 (rev 1.0)
umk3r11	mame	Ultimate Mortal Kombat 3 (rev 1.1)
umk3te	mame	Ultimate Mortal Kombat 3 Tournament Edition (hack, V2.
unclepoo	mame	Uncle Poo
undrfire	mame	Under Fire (World)
undrfirej	mame	Under Fire (Japan)
uniwars	mame	UniWar S
uniwarsa	mame	UniWar S (bootleg)
unkpacg	mame	unknown Pac-Man gambling game
unsquad	cps1	U.N. Squadron (US)
uopoko	mame	Puzzle Uo Poko (International, ver. 98/02/06)
uopokoj	mame	Puzzle Uo Poko (Japan, ver. 98/02/06)
upndown	mame	Up'n Down (315-5030)
upndownu	mame	Up'n Down (not encrypted)
usclssic	mame	U.S. Classic
usg182	mame	Games V18.2
usg185	mame	Games V18.5
usg187c	mame	Games V18.7C
usg32	mame	Super Duper Casino (California V3.2)
usg82	mame	Super Ten V8.2
usg83x	mame	Super Ten V8.3X
usgames	mame	Games V25.4X
utoukond	mame	Ultra Toukon Densetsu (Japan)
valkyrie	mame	Valkyrie No Densetsu (Japan)
valtric	mame	Valtric
vampj	cps2	Vampire - the night warriors (940705 Japan)
vampja	cps2	Vampire - the night warriors (940705 Japan, alt)
vampjr1	cps2	Vampire - the night warriors (940630 Japan)
vandyke	mame	Vandyke (Japan)
vandykeb	mame	Vandyke (bootleg with PIC16c57)
vandykejal	mame	Vandyke (Jaleco, Set 1)
vandykejal2	mame	Vandyke (Jaleco, Set 2)
vangrd2	mame	Vanguard II
vanguard	mame	Vanguard (SNK)
vanguardc	mame	Vanguard (Centuri)
vanguardj	mame	Vanguard (Japan)
vanvan	mame	Van-Van Car
vanvanb	mame	Van-Van Car (set 3)
vanvank	mame	Van-Van Car (Karateco)
vaportra	mame	Vapor Trail - Hyper Offence Formation (World revision
vaportra3	mame	Vapor Trail - Hyper Offence Formation (World revision
vaportrau	mame	Vapor Trail - Hyper Offence Formation (US)
varth	cps1	Varth - operation thunderstorm (920714 etc)
varthb	cps1	Varth - operation thunderstorm (bootleg, 920612 etc)
varthj	cps1	Varth - operation thunderstorm (920714 Japan)
varthjr	cps1	Varth - operation thunderstorm (920714 Japan Resale Ve
varthr1	cps1	Varth - operation thunderstorm (920612 etc)
varthu	cps1	Varth - operation thunderstorm (920612 USA)
vasara	mame	Vasara
vasara2	mame	Vasara 2 (set 1)
vasara2a	mame	Vasara 2 (set 2)
vastar	mame	Vastar (set 1)
vastar2	mame	Vastar (set 2)
vastar3	mame	Vastar (set 3)
vastar4	mame	Vastar (set 4)
vautour	mame	Vautour (bootleg of Phoenix) (8085A CPU)
vautourz	mame	Vautour (bootleg of Phoenix) (Z80 CPU)
vautourza	mame	Vautour (bootleg of Phoenix) (Z80 CPU, single PROM)
vball	mame	U.S. Championship V'ball (US)
vball2pj	mame	U.S. Championship V'ball (Japan)
vball2pjb	mame	U.S. Championship V'ball (bootleg of Japan set)
vballb	mame	U.S. Championship V'ball (bootleg of US set)
vblokbrk	mame	VS Block Breaker (Europe)
vblokbrka	mame	VS Block Breaker (Asia)
vendetta	mame	Vendetta (World, 4 Players ver. T)
vendetta2pd	mame	Vendetta (Asia, 2 Players ver. D)
vendetta2peba	mame	Vendetta (World, 2 Players ver. EB-A?)
vendetta2pp	mame	Crime Fighters 2 (Japan, 2 Players ver. P)
vendetta2pu	mame	Vendetta (Asia, 2 Players ver. U)
vendetta2pun	mame	Vendetta (World, 2 Players ver. ?)
vendetta2pw	mame	Vendetta (World, 2 Players ver. W)
vendettan	mame	Crime Fighters 2 (Japan, 4 Players ver. N)
vendettar	mame	Vendetta (US, 4 Players ver. R)
vendettaz	mame	Vendetta (Asia, 4 Players ver. Z)
venus	mame	Venus
vfive	mame	V-Five (Japan)
vhunt2	cps2	Vampire Hunter 2 - darkstalkers revenge (970929 Japan)
vhunt2d	cps2	Vampire Hunter 2 - darkstalkers revenge (970913 Japan
vhunt2r1	cps2	Vampire Hunter 2 - darkstalkers revenge (970913 Japan)
vhuntj	cps2	Vampire Hunter - darkstalkers' revenge (950316 Japan)
vhuntjr1	cps2	Vampire Hunter - darkstalkers' revenge (950307 Japan)
vhuntjr1s	cps2	Vampire Hunter - darkstalkers' revenge (950307 Japan s
vhuntjr2	cps2	Vampire Hunter - darkstalkers' revenge (950302 Japan)
victnine	mame	Victorious Nine
victroad	mame	Victory Road
viewpoin	neogeo	Viewpoint
vigilant	mame	Vigilante (World, Rev E)
vigilanta	mame	Vigilante (World, Rev A)
vigilantb	mame	Vigilante (US, Rev B)
vigilantbl	mame	Vigilante (bootleg)
vigilantc	mame	Vigilante (World, Rev C)
vigilantd	mame	Vigilante (Japan, Rev D)
vigilantg	mame	Vigilante (US, Rev G)
vigilanto	mame	Vigilante (US)
vimana	mame	Vimana (World, set 1)
vimanaj	mame	Vimana (Japan)
vimanan	mame	Vimana (World, set 2)
vindctr2	mame	Vindicators Part II (rev 3)
vindctr2r1	mame	Vindicators Part II (rev 1)
vindctr2r2	mame	Vindicators Part II (rev 2)
vindictr	mame	Vindicators (rev 5)
vindictr1	mame	Vindicators (rev 1)
vindictr2	mame	Vindicators (rev 2)
vindictr4	mame	Vindicators (rev 4)
vindictre	mame	Vindicators (Europe, rev 5)
vindictre3	mame	Vindicators (Europe, rev 3)
vindictre4	mame	Vindicators (Europe, rev 4)
vindictrg	mame	Vindicators (German, rev 1)
viofight	mame	Violence Fight (World)
viofightj	mame	Violence Fight (Japan)
viofightu	mame	Violence Fight (US)
viostorm	mame	Violent Storm (ver EAC)
viostorma	mame	Violent Storm (ver AAC)
viostormab	mame	Violent Storm (ver AAB)
viostormeb	mame	Violent Storm (ver EAB)
viostormj	mame	Violent Storm (ver JAC)
viostormu	mame	Violent Storm (ver UAC)
viostormub	mame	Violent Storm (ver UAB)
vliner	neogeo	V-Liner (v0.7a)
vliner53	neogeo	V-Liner (v0.53)
vliner54	neogeo	V-Liner (v0.54)
vliner6e	neogeo	V-Liner (v0.6e)
vliner7e	neogeo	V-Liner (v0.7e)
vmetal	mame	Varia Metal
vmetaln	mame	Varia Metal (New Ways Trading Co.)
volfied	mame	Volfied (World, revision 1)
volfiedj	mame	Volfied (Japan, revision 1)
volfiedjo	mame	Volfied (Japan)
volfiedu	mame	Volfied (US, revision 1)
vpool	mame	Video Pool (bootleg on Moon Cresta hardware)
vs10yard	mame	Vs 10-Yard Fight (World, 11/05/84)
vs10yardj	mame	Vs 10-Yard Fight (Japan)
vs10yardu	mame	Vs 10-Yard Fight (US, Taito license)
vsav	cps2	Vampire Savior - the lord of vampire (970519 Euro)
vsav2	cps2	Vampire Savior 2 - the lord of vampire (970913 Japan)
vsav2d	cps2	Vampire Savior 2 - the lord of vampire (970913 Japan P
vsava	cps2	Vampire Savior - the lord of vampire (970519 Asia)
vsavd	cps2	Vampire Savior - the lord of vampire (970519 Euro Phoe
vsavh	cps2	Vampire Savior - the lord of vampire (970519 Hispanic)
vsavj	cps2	Vampire Savior - the lord of vampire (970519 Japan)
vsavu	cps2	Vampire Savior - the lord of vampire (970519 USA)
vsgongf	mame	VS Gong Fight
vulcan	mame	Vulcan Venture (New)
vulcana	mame	Vulcan Venture (Old)
vulcanb	mame	Vulcan Venture (Oldest)
vulgus	mame	Vulgus (set 1)
vulgusa	mame	Vulgus (set 2)
vulgusj	mame	Vulgus (Japan?)
wacko	mame	Wacko
wakuwak7	neogeo	Waku Waku 7
wallc	mame	Wall Crash (set 1)
wallca	mame	Wall Crash (set 2)
wanted	mame	Wanted
wardner	mame	Wardner (World)
wardnerj	mame	Wardner no Mori (Japan)
warofbug	mame	War of the Bugs or Monsterous Manouvers in a Mushroom
warofbugg	mame	War of the Bugs or Monsterous Manouvers in a Mushroom
warofbugu	mame	War of the Bugs or Monsterous Manouvers in a Mushroom
warpsped	mame	Warp Speed (prototype)
warpwarp	mame	Warp & Warp
warpwarpr	mame	Warp Warp (Rock-Ola set 1)
warpwarpr2	mame	Warp Warp (Rock-Ola set 2)
warriorb	mame	Warrior Blade - Rastan Saga Episode III (Japan)
warzard	cps3	War-Zard / Red Earth (Japan 961121)
warzardr1	cps3	War-Zard / Red Earth (Japan 961023)
waterski	mame	Water Ski
watrball	mame	Water Balls
wb3	mame	Wonder Boy III - Monster Lair (set 6, World, System 16
wb31	mame	Wonder Boy III - Monster Lair (set 1, Japan, System 16
wb31d	mame	Wonder Boy III - Monster Lair (set 1, Japan, System 16
wb32	mame	Wonder Boy III - Monster Lair (set 2, Japan, System 16
wb32d	mame	Wonder Boy III - Monster Lair (set 2, Japan, System 16
wb33	mame	Wonder Boy III - Monster Lair (set 3, World, System 16
wb33d	mame	Wonder Boy III - Monster Lair (set 3, World, System 16
wb34	mame	Wonder Boy III - Monster Lair (set 4, Japan, System 16
wb34d	mame	Wonder Boy III - Monster Lair (set 4, Japan, System 16
wb35	mame	Wonder Boy III - Monster Lair (set 5, Japan, System 16
wb35d	mame	Wonder Boy III - Monster Lair (set 5, Japan, System 16
wb3bbl	mame	Wonder Boy III - Monster Lair (bootleg)
wbdeluxe	mame	Wonder Boy Deluxe
wbml	mame	Wonder Boy in Monster Land (Japan New Ver., MC-8123, 3
wbmlb	mame	Wonder Boy in Monster Land (English bootleg set 1)
wbmljb	mame	Wonder Boy in Monster Land (Japan not encrypted)
wbmljo	mame	Wonder Boy in Monster Land (Japan Old Ver., MC-8123, 3
wbmlvc	mame	Wonder Boy in Monster Land (English, Virtual Console)
wboy	mame	Wonder Boy (set 1, 315-5177)
wboy2	mame	Wonder Boy (set 2, 315-5178)
wboy2u	mame	Wonder Boy (set 2, not encrypted)
wboy3	mame	Wonder Boy (set 3, 315-5135)
wboy4	mame	Wonder Boy (set 4, 315-5162)
wboy5	mame	Wonder Boy (set 5, bootleg)
wboyo	mame	Wonder Boy (set 1, 315-5135)
wboyu	mame	Wonder Boy (not encrypted)
wcbowl	mame	World Class Bowling (v1.66)
wcbowl10	mame	World Class Bowling (v1.0)
wcbowl11	mame	World Class Bowling (v1.1)
wcbowl12	mame	World Class Bowling (v1.2)
wcbowl13	mame	World Class Bowling (v1.3)
wcbowl13j	mame	World Class Bowling (v1.3J, Japan)
wcbowl14	mame	World Class Bowling (v1.4)
wcbowl140	mame	World Class Bowling Tournament (v1.40)
wcbowl15	mame	World Class Bowling (v1.5)
wcbowl16	mame	World Class Bowling (v1.6)
wcbowl161	mame	World Class Bowling (v1.61)
wcbowl165	mame	World Class Bowling (v1.65)
wcbowldx	mame	World Class Bowling Deluxe (v2.00)
wcvol95	mame	World Cup Volley '95 (Asia v1.0)
wcvol95j	mame	World Cup Volley '95 (Japan v1.0)
wcvol95x	mame	World Cup Volley '95 Extra Version (Asia v2.0B)
welltris	mame	Welltris - Alexey Pajitnov's (World?, 2 players)
welltrisj	mame	Welltris - Alexey Pajitnov's (Japan, 2 players)
weststry	mame	West Story (bootleg of Blood Bros., set 1)
weststrya	mame	West Story (bootleg of Blood Bros., set 2)
wh1	neogeo	World Heroes (ALM-005)
wh1h	neogeo	World Heroes (ALH-005)
wh1ha	neogeo	World Heroes (set 3)
wh2	neogeo	World Heroes 2 (ALM-006)(ALH-006)
wh2h	neogeo	World Heroes 2 (ALH-006)
wh2j	neogeo	World Heroes 2 Jet (ADM-007)(ADH-007)
wh2ja	neogeo	World Heroes 2 Jet (ADM-007)
wheelrun	mame	Wheels Runner
whizz	mame	Whizz
whoopee	mame	Pipi & Bibis / Whoopee!! (Teki Paki hardware)
whp	neogeo	World Heroes Perfect
wiggie	mame	Wiggie Waggie
wildfang	mame	Wild Fang / Tecmo Knight
willow	cps1	Willow (World)
willowj	cps1	Willow (Japan, Japanese)
willowu	cps1	Willow (USA)
willowuo	cps1	Willow (USA Old Ver.)
wilytowr	mame	Wily Tower
wingforc	mame	Wing Force (Japan, prototype)
wintbob	mame	The Winter Bobble (bootleg)
wiping	mame	Wiping
wits	mame	Wit's (Japan)
wiz	mame	Wiz
wizdfire	mame	Wizard Fire (Over Sea v2.1)
wizdfireu	mame	Wizard Fire (US v1.1)
wizt	mame	Wiz (Taito, set 1)
wizta	mame	Wiz (Taito, set 2)
wizzquiz	mame	Wizz Quiz (Konami version)
wizzquiza	mame	Wizz Quiz (version 4)
wjammers	neogeo	Windjammers / Flying Power Disc
wldcourt	mame	World Court (Japan)
wlstar	mame	Wonder League Star - Sok-Magicball Fighting (Korea)
wmatch	mame	Water Match (315-5064)
wndrmomo	mame	Wonder Momo
wndrplnt	mame	Wonder Planet (Japan)
wof	cps1	Warriors of Fate (921031 etc)
wof3js	cps1	Sangokushi II: San Jian Sheng (Chinese bootleg set 1,
wof3jsa	cps1	Sangokushi II: San Jian Sheng (Chinese bootleg set 2,
wof3sj	cps1	Sangokushi II: San Sheng Jian (Chinese bootleg set 1,
wof3sja	cps1	Sangokushi II: San Sheng Jian (Chinese bootleg set 2,
wofa	cps1	Sangokushi II (921005 Asia)
wofabl	cps1	Sangokushi II (bootleg)
wofah	cps1	Sangokushi II (hack set 1, 921005 Asia)
wofaha	cps1	Sangokushi II (hack set 2, 921005 Asia)
wofahb	cps1	Sangokushi II (hack set 3, 921005 Asia)
wofb	cps1	Warriors of Fate (bootleg, 921002 etc)
wofch	cps1	Tenchi wo Kurau II - Sekiheki no Tatakai (CPS Changer,
wofchdx	cps1	Sangokushi III Gaiden: Kakou-On's Revenge DX (hack)
wofh	cps1	Sangokushi II: Sanguo Yingxiong Zhuan (Chinese bootleg
wofha	cps1	Sangokushi II: Sanguo Yingxiong Zhuan (Chinese bootleg
wofhfh	cps1	Sangokushi II: Huo Fenghuang (Chinese bootleg, 921005
wofj	cps1	Tenchi wo Kurau II - Sekiheki no Tatakai (921031 Japan
wofjh	cps1	Tenchi wo Kurau II - Sekiheki no Tatakai (hack, 921031
wofr1	cps1	Warriors of Fate (921002 etc)
wofsj	cps1	Sangokushi II: Sheng Jian Sanguo (Chinese bootleg set
wofsja	cps1	Sangokushi II: Sheng Jian Sanguo (Chinese bootleg set
wofsjb	cps1	Sangokushi II: Sheng Jian Sanguo (Chinese bootleg set
wofsjc	cps1	Sangokushi II: Sheng Jian Sanguo (Chinese bootleg set
wofu	cps1	Warriors of Fate (921031 USA)
wolffang	mame	Wolf Fang -Kuhga 2001- (Japan)
wonder3	cps1	Wonder 3 (910520 Japan)
wondl96	mame	Wonder League '96 (Korea)
wondstck	mame	Wonder Stick (set 1)
wondstcka	mame	Wonder Stick (set 2, censored)
woodpeca	mame	Woodpecker (set 2)
woodpeck	mame	Woodpecker (set 1)
worldwar	mame	World Wars (World?)
wownfant	mame	WOW New Fantasia
wpksoc	mame	World PK Soccer
wrally	mame	World Rally (Version 1.0, Checksum 0E56)
wrally2	mame	World Rally 2: Twin Racing (mask ROM version)
wrally2a	mame	World Rally 2: Twin Racing (EPROM version)
wrallya	mame	World Rally (Version 1.0, Checksum 3873)
wrallyat	mame	World Rally (US, 930217)
wrallyb	mame	World Rally (Version 1.0, Checksum 8AA2)
wrestwar	mame	Wrestle War (set 3, World, 8751 317-0103)
wrestwar1	mame	Wrestle War (set 1, Japan, FD1094 317-0090)
wrestwar1d	mame	Wrestle War (set 1, Japan, FD1094 317-0090 decrypted)
wrestwar2	mame	Wrestle War (set 2, World, FD1094 317-0102)
wrestwar2d	mame	Wrestle War (set 2, World, FD1094 317-0102 decrypted)
wrofaero	mame	War of Aero - Project MEIOU
ws	mame	World Stadium (Japan)
ws89	mame	World Stadium '89 (Japan)
ws90	mame	World Stadium '90 (Japan)
wschamp	mame	Wing Shooting Championship V2.00
wschampa	mame	Wing Shooting Championship V1.01
wschampb	mame	Wing Shooting Championship V1.00
wwallyj	mame	Wally wo Sagase! (rev B, Japan, FD1094 317-0197B)
wwallyja	mame	Wally wo Sagase! (rev A, Japan, FD1094 317-0197A)
wwallyjad	mame	Wally wo Sagase! (rev A, Japan, FD1094 317-0197A decry
wwallyjd	mame	Wally wo Sagase! (rev B, Japan, FD1094 317-0197B decry
wwestern	mame	Wild Western (set 1)
wwestern1	mame	Wild Western (set 2)
wwfmania	mame	WWF: Wrestlemania (rev 1.30 08/10/95)
wwfmaniab	mame	WWF: Wrestlemania (rev 1.20 08/02/95)
wwfmaniac	mame	WWF: Wrestlemania (rev 1.1 07/11/95)
wwfmaniap	mame	WWF: Wrestlemania (proto 2.01 06/07/95)
wwfsstar	mame	WWF Superstars (Europe)
wwfsstarb	mame	WWF Superstars (bootleg)
wwfsstarj	mame	WWF Superstars (Japan)
wwfsstaru4	mame	WWF Superstars (US revision 4)
wwfsstaru6	mame	WWF Superstars (US revision 6)
wwfsstaru7	mame	WWF Superstars (US revision 7)
wwfwfest	mame	WWF WrestleFest (World)
wwfwfestj	mame	WWF WrestleFest (Japan)
wwfwfestk	mame	WWF WrestleFest (Korea)
wwfwfestu	mame	WWF WrestleFest (US, rev 2)
wwfwfestu1	mame	WWF WrestleFest (US)
wwfwfestub	mame	WWF WrestleFest (US bootleg)
wwjgtin	mame	Wai Wai Jockey Gate-In!
wyvernf0	mame	Wyvern F-0
xexex	mame	Xexex (ver EAA)
xexexa	mame	Xexex (ver AAA)
xexexj	mame	Xexex (ver JAA)
xmcota	cps2	X-Men - children of the atom (950331 Euro)
xmcotaa	cps2	X-Men - children of the atom (950105 Asia)
xmcotaar1	cps2	X-Men - children of the atom (941219 Asia)
xmcotaar2	cps2	X-Men - children of the atom (941217 Asia)
xmcotab	cps2	X-Men - children of the atom (950331 Brazil)
xmcotah	cps2	X-Men - children of the atom (950331 Hispanic)
xmcotahr1	cps2	X-Men - children of the atom (950105 Hispanic)
xmcotaj	cps2	X-Men - children of the atom (950105 Japan)
xmcotaj1	cps2	X-Men - children of the atom (941222 Japan)
xmcotaj2	cps2	X-Men - children of the atom (941219 Japan)
xmcotaj3	cps2	X-Men - children of the atom (941217 Japan)
xmcotajr	cps2	X-Men - children of the atom (941208 Japan, rent versi
xmcotar1	cps2	X-Men - children of the atom (950105 Euro)
xmcotar1d	cps2	X-Men - children of the atom (950105 Euro Phoenix Edit
xmcotau	cps2	X-Men - children of the atom (950105 USA)
xmen	mame	X-Men (4 Players ver UBB)
xmen2pa	mame	X-Men (2 Players ver AAA)
xmen2pe	mame	X-Men (2 Players ver EAA)
xmen2pj	mame	X-Men (2 Players ver JAA)
xmen2pu	mame	X-Men (2 Players ver UAB)
xmen6p	mame	X-Men (6 Players ver ECB)
xmen6pu	mame	X-Men (6 Players ver UCB)
xmena	mame	X-Men (4 Players ver AEA)
xmenaa	mame	X-Men (4 Players ver ADA)
xmene	mame	X-Men (4 Players ver EBA)
xmenj	mame	X-Men (4 Players ver JBA)
xmultipl	mame	X Multiply (World, M81)
xmultiplm72	mame	X Multiply (Japan, M72)
xmvsf	cps2	X-Men vs Street Fighter (961004 Euro)
xmvsfa	cps2	X-Men vs Street Fighter (961023 Asia)
xmvsfar1	cps2	X-Men vs Street Fighter (961004 Asia)
xmvsfar2	cps2	X-Men vs Street Fighter (960919 Asia)
xmvsfar3	cps2	X-Men vs Street Fighter (960910 Asia)
xmvsfb	cps2	X-Men vs Street Fighter (961023 Brazil)
xmvsfh	cps2	X-Men vs Street Fighter (961004 Hispanic)
xmvsfj	cps2	X-Men vs Street Fighter (961023 Japan)
xmvsfjr1	cps2	X-Men vs Street Fighter (961004 Japan)
xmvsfjr2	cps2	X-Men vs Street Fighter (960910 Japan)
xmvsfjr3	cps2	X-Men vs Street Fighter (960909 Japan)
xmvsfr1	cps2	X-Men vs Street Fighter (960910 Euro)
xmvsfu	cps2	X-Men vs Street Fighter (961023 USA)
xmvsfu1d	cps2	X-Men vs Street Fighter (961004 USA Phoenix Edition)
xmvsfur1	cps2	X-Men vs Street Fighter (961004 USA)
xmvsfur2	cps2	X-Men vs Street Fighter (960910 USA)
xorworld	mame	Xor World (prototype)
xsedae	mame	X Se Dae Quiz (Korea)
xsleena	mame	Xain'd Sleena (World)
xsleenab	mame	Xain'd Sleena (bootleg)
xsleenaba	mame	Xain'd Sleena (bootleg, bugfixed)
xsleenaj	mame	Xain'd Sleena (Japan)
xxmissio	mame	XX Mission
xybots	mame	Xybots (rev 2)
xybots0	mame	Xybots (rev 0)
xybots1	mame	Xybots (rev 1)
xybotsf	mame	Xybots (French, rev 3)
xybotsg	mame	Xybots (German, rev 3)
xyonix	mame	Xyonix
yamagchi	mame	Go Go Mr. Yamaguchi / Yuke Yuke Yamaguchi-kun
yamato	mame	Yamato (US)
yamato2	mame	Yamato (World?)
yanchamr	mame	Kaiketsu Yanchamaru (Japan)
yankeedo	mame	Yankee DO!
yellowcbb	mame	Yellow Cab (bootleg)
yellowcbj	mame	Yellow Cab (Japan)
yesnoj	mame	Yes/No Sinri Tokimeki Chart
yiear	mame	Yie Ar Kung-Fu (program code I)
yiear2	mame	Yie Ar Kung-Fu (program code G)
yieartf	mame	Yie Ar Kung-Fu (GX361 conversion)
ym2608	mame	YM2608 Internal ROM
youjyudn	mame	Youjyuden (Japan)
youkaidk1	mame	Yokai Douchuuki (Japan, old version (YD1))
youkaidk2	mame	Yokai Douchuuki (Japan, new version (YD2, Rev B))
youma	mame	Youma Ninpou Chou (Japan)
youma2	mame	Youma Ninpou Chou (Japan, alt)
youmab	mame	Youma Ninpou Chou (Game Electronics bootleg, set 1)
youmab2	mame	Youma Ninpou Chou (Game Electronics bootleg, set 2)
yukiwo	mame	Yukiwo (World, prototype)
yuyugogo	mame	Yuuyu no Quiz de GO!GO! (Japan)
zaryavos	mame	Zarya Vostoka
zarzon	mame	Zarzon
zaviga	mame	Zaviga
zavigaj	mame	Zaviga (Japan)
zaxxon	mame	Zaxxon (set 1, rev D)
zaxxon2	mame	Zaxxon (set 2, unknown rev)
zaxxon3	mame	Zaxxon (set 3, unknown rev)
zaxxonb	mame	Jackson
zaxxonj	mame	Zaxxon (Japan)
zedblade	neogeo	Zed Blade / Operation Ragnarok
zektor	mame	Zektor (revision B)
zero	mame	Zero (set 1, Defender bootleg)
zero2	mame	Zero (set 2, Defender bootleg)
zeropnt	mame	Zero Point (set 1)
zeropnt2	mame	Zero Point 2
zeropnta	mame	Zero Point (set 2)
zeropntj	mame	Zero Point (Japan)
zeroteam	mame	Zero Team USA (set 1, US, Fabtek license)
zeroteama	mame	Zero Team (set 2, Japan? (earlier?))
zeroteamb	mame	Zero Team (set 3, Japan? (later batteryless))
zeroteamc	mame	Zero Team (set 4, Taiwan, Liang Hwa license)
zeroteamd	mame	Zero Team (set 5, Korea, Dream Soft license)
zeroteams	mame	Zero Team Selection
zeroteamsr	mame	Zero Team Suicide Revival Kit
zerotime	mame	Zero Time
zerotimed	mame	Zero Time (Datamat)
zerotm2k	mame	Zero Team 2000
zerowing	mame	Zero Wing (2P set)
zerowing1	mame	Zero Wing (1P set)
zerowingw	mame	Zero Wing (2P set, Williams license)
zerozone	mame	Zero Zone
zigzagb	mame	Zig Zag (Galaxian hardware, set 1)
zigzagb2	mame	Zig Zag (Galaxian hardware, set 2)
zingzip	mame	Zing Zing Zip
zintrckb	neogeo	Zintrick / Oshidashi Zentrix (hack / bootleg)
zintrkcd	neogeo	Zintrick / Oshidashi Zentrix (Neo CD conversion)
zipzap	mame	Zip & Zap
zoar	mame	Zoar
zodiack	mame	Zodiack
zombraid	mame	Zombie Raid (9/28/95, US)
zombraidp	mame	Zombie Raid (9/28/95, US, prototype PCB)
zombraidpj	mame	Zombie Raid (9/28/95, Japan, prototype PCB)
zookeep	mame	Zoo Keeper (set 1)
zookeep2	mame	Zoo Keeper (set 2)
zookeep3	mame	Zoo Keeper (set 3)
zoom909	mame	Zoom 909
zupapa	neogeo	Zupapa!
zzyzzyxx	mame	Zzyzzyxx (set 1)
zzyzzyxx2	mame	Zzyzzyxx (set 2)
